CaseID,SCQ_1,SCQ_2,SCQ_3,SCQ_4,SCQ_5,SCQ_6,SCQ_7,SCQ_8,SCQ_9,SCQ_10,WIS_1,WIS_2,WIS_3,WIS_4,WIS_5,WIS_6,WIS_7,WIS_8,WIS_9,WIS_10,WIS_11,WIS_12,FIT_1,FIT_2,FIT_3,FIT_4,FIT_5,FIT_6,FIT_7,FIT_8,FIT_9,FIT_10,FIT_11,FIT_12,FIT_13,FIT_14,FIT_15,FIT_16,FIT_17
1,3,4,3,4,2,5,5,4,4,3,1,1,1,1,1,1,1,1,1,1,1,1,4,4,4,4,4,4,4,4,4,4,4,4,4,4,4,4,4
2,4,4,4,4,4,2,2,4,4,4,2,2,1,1,1,1,1,1,1,1,1,1,3,2,4,3,3,3,2,2,4,2,2,4,2,2,2,6,4
3,3,2,3,6,4,3,3,4,5,5,1,1,1,1,1,1,1,1,1,1,1,1,1,2,4,1,4,2,1,2,2,2,2,1,3,1,1,2,2
4,5,5,2,5,5,2,4,4,4,3,2,1,1,2,2,1,1,1,1,1,1,1,2,2,2,2,1,1,3,2,2,2,3,2,2,2,2,2,3
5,1,1,2,3,1,1,2,5,2,5,1,2,1,1,1,1,1,1,1,1,1,1,1,1,4,4,1,1,2,2,2,1,1,1,4,2,2,7,4
6,2,2,1,5,2,1,1,7,4,5,1,1,1,1,1,1,1,1,1,1,1,1,1,1,1,1,2,2,1,1,1,1,1,1,2,1,1,2,4
7,3,5,4,6,5,4,3,5,5,4,1,1,1,1,2,1,1,1,1,1,1,1,1,1,2,3,2,1,1,2,2,2,2,2,1,2,2,4,6
8,6,2,5,3,3,3,3,4,4,4,1,1,1,1,1,1,1,1,1,1,1,1,2,2,6,3,2,2,2,3,2,2,2,2,2,2,2,2,3
9,3,5,4,5,5,5,5,5,4,4,2,1,1,1,2,1,1,1,1,1,1,1,1,2,6,2,5,1,3,3,2,2,3,5,3,3,2,3,3
10,4,5,3,5,5,2,4,4,3,4,2,1,1,1,2,1,1,1,1,1,1,1,1,1,4,1,2,1,1,1,1,1,1,1,5,1,2,2,3
11,7,7,6,7,7,6,7,5,7,2,1,1,1,1,2,5,1,1,1,1,1,1,3,6,2,3,2,6,4,4,5,4,4,4,2,4,4,4,4
12,1,1,4,1,1,1,1,4,1,4,1,1,1,1,1,1,1,1,1,1,1,1,1,1,5,2,7,1,1,1,1,1,1,1,4,1,1,1,1
13,6,6,5,5,4,6,6,4,4,4,5,5,2,1,1,5,1,1,5,1,1,1,4,5,6,4,7,7,6,6,6,5,5,1,6,6,3,1,4
14,3,2,2,6,6,1,4,4,5,2,1,1,1,1,2,1,1,1,1,1,1,1,2,1,5,2,2,1,2,2,2,2,2,2,2,2,2,2,3
15,7,5,5,7,7,5,7,5,7,5,2,2,1,1,3,2,1,1,1,1,1,1,2,3,6,4,3,2,3,3,3,3,3,1,4,3,4,3,3
16,4,5,3,3,5,5,5,5,3,2,2,2,1,1,2,1,1,1,1,1,1,1,4,5,6,5,4,4,4,3,2,2,4,3,4,5,3,2,3
17,5,5,3,4,5,5,5,5,3,3,2,2,1,1,2,1,1,1,2,1,1,1,2,5,5,3,4,3,3,4,3,2,2,3,4,3,2,4,3
18,7,7,5,7,7,7,7,6,7,5,2,4,1,2,3,3,1,1,1,1,1,1,2,2,5,6,4,2,2,4,2,3,2,3,2,3,2,2,3
19,6,1,4,4,6,4,7,6,5,5,1,2,1,1,2,2,1,2,1,2,1,1,3,5,4,6,4,6,6,6,2,5,3,3,1,6,5,2,6
20,6,6,5,6,7,6,6,6,4,5,3,2,1,1,3,2,1,1,1,1,1,1,2,6,7,5,5,5,5,5,3,4,5,3,3,5,4,4,5
21,6,5,5,6,7,6,7,5,4,5,3,3,2,1,2,1,1,1,2,1,1,1,2,5,5,4,4,2,2,5,3,3,4,2,4,2,3,2,6
22,7,7,3,5,5,6,7,4,6,4,1,1,1,1,2,1,1,1,1,1,1,1,2,2,7,3,4,2,2,3,2,2,2,2,2,3,2,2,5
23,1,6,4,3,4,1,4,4,4,4,1,1,1,1,1,1,1,1,1,1,1,1,1,1,4,4,2,2,2,2,2,1,2,1,1,1,2,3,2
24,7,6,3,5,5,2,5,5,4,5,2,2,1,1,2,1,2,1,2,1,1,1,1,1,1,2,1,1,1,1,1,2,1,1,2,2,2,1,2
25,4,6,3,5,5,5,5,6,4,6,2,1,1,1,1,1,1,1,1,1,1,1,2,4,1,2,1,1,1,3,4,2,4,2,3,2,2,3,4
26,4,2,4,4,4,2,4,4,4,4,1,1,1,1,1,1,1,1,1,1,1,1,2,1,5,2,2,2,2,2,2,2,2,2,6,2,2,3,2
27,6,6,3,5,5,6,5,4,4,4,2,2,1,1,2,1,1,1,1,2,1,1,2,2,3,4,2,2,2,3,2,2,2,3,3,6,3,2,3
28,5,6,2,3,3,5,3,2,6,2,1,1,1,2,2,1,1,1,1,1,1,1,1,2,6,3,4,2,1,2,3,2,2,2,3,2,3,3,2
29,6,6,5,4,6,5,5,5,5,5,1,1,1,1,1,1,1,1,1,1,1,1,1,1,4,1,1,1,1,2,2,2,2,2,2,1,1,1,4
30,6,5,3,5,5,5,6,5,4,3,2,2,1,1,2,2,1,1,1,1,1,1,2,2,2,3,2,3,3,3,3,3,3,3,3,3,2,3,3
31,6,7,5,4,5,5,6,6,6,5,2,2,1,2,2,1,1,1,1,2,1,1,3,4,6,3,5,3,3,3,3,3,3,3,5,3,3,3,3
32,4,3,2,3,4,3,4,4,5,4,2,2,1,1,2,1,2,1,1,1,2,1,2,2,1,1,4,1,3,1,2,3,3,2,1,2,2,1,3
33,6,6,3,6,6,6,6,4,4,4,3,2,1,1,4,1,1,1,1,1,1,1,5,5,4,6,2,3,5,5,5,2,4,5,4,3,4,4,4
34,6,2,2,2,5,1,6,6,5,2,2,2,1,1,1,2,1,1,2,1,1,1,1,1,1,1,1,1,2,2,2,1,1,1,1,1,1,1,7
35,5,6,5,5,6,6,6,4,5,2,2,1,1,1,2,1,1,1,1,1,1,1,2,2,5,4,4,1,2,4,3,2,2,3,4,2,2,2,3
36,7,6,5,6,7,4,6,6,2,4,2,3,1,2,2,1,1,1,1,1,2,1,2,4,2,3,4,2,2,2,2,2,2,2,2,2,2,2,2
37,6,3,4,6,6,6,5,4,5,5,2,2,2,2,2,1,1,1,1,1,1,1,1,2,2,3,2,2,2,2,2,2,2,2,2,1,2,1,3
38,4,3,5,6,6,4,5,5,5,5,1,1,1,2,2,1,1,2,2,1,1,1,1,1,2,1,1,1,1,1,1,1,1,1,1,1,1,1,4
39,1,1,1,5,5,1,3,4,5,2,1,1,1,1,1,1,1,1,1,1,1,1,1,1,6,2,2,1,1,3,2,1,1,2,1,1,1,1,2
40,6,6,5,6,6,6,6,4,4,4,1,1,1,1,1,1,1,1,1,1,1,1,2,2,2,4,1,1,2,2,4,2,2,2,2,2,2,2,6
41,4,5,4,6,5,5,5,6,6,5,2,2,2,2,2,2,2,2,2,1,1,2,2,2,5,3,2,2,3,3,3,3,3,4,4,3,3,4,4
42,7,7,3,7,7,7,7,7,5,5,2,1,1,1,2,1,1,1,1,1,1,1,2,2,5,3,2,3,3,2,2,3,2,2,2,2,2,3,5
43,2,6,7,6,7,6,6,7,5,6,2,2,1,1,2,3,1,1,1,1,1,1,2,5,7,3,4,2,2,3,3,1,2,1,2,2,2,1,2
44,6,7,5,6,6,5,5,5,6,5,2,1,1,1,1,1,1,1,1,1,1,1,1,1,6,2,2,1,2,2,2,1,2,2,1,2,2,2,3
45,1,1,5,7,7,7,7,6,7,1,3,3,3,2,3,2,1,2,3,2,2,2,2,2,6,3,2,2,3,3,3,3,3,2,5,3,3,2,4
46,1,1,2,2,1,1,2,4,3,5,1,1,1,1,1,1,1,1,1,1,1,1,1,1,1,2,1,1,2,2,1,1,1,1,2,1,2,2,2
47,5,3,2,3,4,5,5,5,4,3,2,1,1,1,2,1,1,1,1,1,1,1,1,1,1,1,1,1,1,1,1,1,1,1,1,1,2,1,2
48,3,5,4,5,6,6,6,5,6,5,3,2,1,1,3,1,1,1,1,1,1,1,2,2,6,4,3,2,3,3,2,3,3,3,4,3,3,3,4
49,7,6,6,6,6,6,6,6,6,6,2,2,1,1,2,1,1,1,1,1,1,1,2,2,4,4,2,2,2,4,2,2,2,2,6,2,2,2,3
50,7,3,2,6,6,6,6,7,6,7,2,2,1,1,4,1,1,2,3,1,2,1,1,1,1,1,1,1,1,1,1,1,1,1,2,1,2,2,4
51,1,1,1,5,5,1,1,5,4,3,2,1,1,1,2,2,1,1,1,1,1,1,1,1,2,2,2,1,1,1,2,1,1,1,1,1,1,1,1
52,7,7,6,7,7,7,7,6,3,5,2,2,1,2,2,2,1,1,2,1,1,2,2,5,3,5,3,3,3,4,2,2,4,4,2,2,1,1,4
53,3,3,4,5,5,3,3,4,4,4,2,2,1,1,3,2,1,1,2,1,1,1,2,3,4,3,3,3,2,2,2,2,2,2,3,2,2,2,2
54,3,6,6,7,7,6,7,6,6,5,2,2,2,1,2,1,1,1,1,1,1,1,3,3,5,3,2,3,2,2,2,2,2,2,2,2,3,2,3
55,3,2,2,4,6,5,5,6,2,5,2,2,1,1,1,1,1,1,1,1,1,1,2,5,2,6,4,5,4,5,3,4,5,5,4,5,3,4,5
56,4,2,5,5,5,2,5,4,4,4,2,1,1,1,2,1,1,1,1,1,1,1,4,6,7,3,4,3,6,4,4,3,5,3,4,5,4,4,6
57,6,6,5,6,6,5,6,6,5,6,2,2,1,1,2,1,1,1,1,1,1,1,3,5,6,6,2,5,6,6,2,5,5,3,2,5,2,6,6
58,7,5,3,5,6,7,7,6,5,5,2,2,1,1,2,2,1,1,1,1,1,2,3,6,6,6,3,5,3,6,1,1,6,3,2,6,5,5,5
59,2,2,2,2,4,2,3,1,4,2,2,2,1,1,2,1,1,1,1,1,1,2,1,1,5,4,1,1,2,4,2,1,2,2,1,2,4,4,4
60,7,6,6,7,7,7,7,7,7,7,2,2,1,1,1,1,1,1,1,1,1,1,1,2,3,3,3,2,3,2,2,2,4,2,2,3,1,1,3
61,6,6,4,5,7,3,6,5,6,3,1,1,1,1,1,2,1,1,1,1,1,1,2,6,6,5,5,3,4,5,6,4,4,3,1,3,3,4,5
62,6,2,5,5,5,5,5,6,6,5,1,1,1,1,1,2,1,1,2,1,1,1,2,3,5,4,5,5,3,6,2,3,2,2,5,3,3,4,5
63,6,6,5,6,7,6,6,3,6,5,3,3,2,4,3,4,1,2,2,1,1,2,5,5,5,3,4,4,3,3,2,3,4,3,3,3,3,3,5
64,4,5,4,5,3,3,4,5,5,5,1,1,1,1,1,1,1,1,1,1,1,1,3,4,6,4,3,3,4,4,3,3,4,3,4,3,3,4,4
65,2,2,2,3,4,2,2,4,4,2,1,1,1,1,1,1,1,1,1,1,1,1,2,1,3,3,3,2,2,2,2,2,2,2,4,2,2,2,3
66,7,5,2,5,7,6,5,6,6,3,2,1,2,1,2,1,1,1,1,1,1,1,2,5,6,5,2,6,5,2,2,2,2,1,2,3,2,1,3
67,2,2,3,3,5,2,3,4,4,3,1,1,1,1,2,1,1,1,1,1,1,1,1,1,1,2,3,2,2,7,2,2,2,2,3,2,2,2,7
68,6,6,5,6,6,6,6,6,4,5,2,2,1,2,1,1,1,1,1,1,1,1,4,3,5,4,3,3,3,4,4,3,2,4,4,2,3,2,3
69,7,7,5,5,7,4,6,5,5,5,2,2,2,1,2,3,2,2,2,2,2,1,7,1,2,3,1,1,1,1,1,1,1,1,1,2,2,1,4
70,7,7,4,6,6,6,7,5,4,5,4,2,1,2,4,4,2,2,2,1,1,1,2,1,4,3,2,6,4,5,5,3,3,2,4,4,3,4,5
71,3,3,3,3,4,3,5,3,6,3,1,2,1,1,2,1,1,1,1,1,1,1,1,3,6,3,5,4,3,4,4,2,2,2,2,6,3,2,3
72,4,5,3,2,4,3,3,2,3,2,2,1,1,1,2,1,1,1,2,1,1,1,2,6,7,5,3,4,5,4,4,2,3,2,2,2,2,2,5
73,5,5,2,3,5,3,5,5,6,3,2,2,1,1,2,2,1,1,1,1,1,1,2,2,6,5,3,3,3,3,3,2,3,3,2,2,2,3,5
74,5,5,2,2,6,2,5,2,3,2,2,2,1,1,2,1,1,1,1,1,1,1,2,2,6,3,2,2,2,2,2,2,2,2,2,2,2,2,2
75,7,6,4,5,6,4,6,5,7,3,2,2,2,2,2,1,1,2,2,1,1,2,2,3,5,5,5,3,4,5,5,4,3,3,5,4,4,3,5
76,2,2,2,6,6,3,5,5,6,6,1,1,1,1,2,2,1,1,1,1,1,1,1,2,6,2,2,2,2,2,2,2,2,2,2,2,2,2,2
77,7,5,5,7,6,3,6,4,5,4,2,2,2,1,3,3,1,1,2,1,1,1,2,1,3,2,2,2,3,2,1,1,2,2,3,2,2,2,2
78,6,2,5,6,6,5,7,4,5,5,2,2,2,1,2,2,2,2,3,1,2,1,2,4,1,2,1,2,2,3,1,1,1,1,2,3,2,2,4
79,2,1,3,2,3,4,4,4,4,3,2,2,1,1,1,1,1,1,1,1,1,1,3,2,5,3,3,5,3,3,3,2,2,2,4,2,2,2,4
80,5,2,1,4,5,1,5,4,6,2,1,1,1,1,1,1,1,1,1,1,1,1,1,1,4,4,2,1,2,4,4,2,2,2,1,1,1,1,4
81,6,5,4,6,6,4,5,5,6,5,1,1,1,1,2,1,1,1,1,1,1,1,1,1,2,2,2,2,1,1,2,2,2,2,2,2,2,2,2
82,5,5,4,5,5,5,5,5,4,4,2,1,2,1,1,1,1,2,1,2,1,2,2,2,2,3,3,3,3,3,3,3,3,3,4,3,3,3,5
83,2,6,3,4,4,5,5,4,4,4,2,1,1,1,1,4,1,1,1,1,1,1,1,1,2,2,4,1,2,2,2,2,2,2,4,2,2,4,2
84,5,1,6,6,4,1,1,6,4,3,2,2,2,3,1,3,1,1,1,1,1,1,1,1,1,1,4,1,1,1,1,1,1,1,1,2,1,1,2
85,7,7,2,6,7,3,7,4,3,4,2,1,1,2,2,1,1,1,1,1,1,1,1,1,1,2,1,1,1,2,1,1,1,1,1,1,2,1,3
86,7,6,5,7,5,5,5,5,7,3,2,2,1,1,2,1,1,1,2,1,1,1,3,5,7,4,1,4,3,5,2,1,2,1,1,3,4,3,4
87,3,3,2,1,2,2,2,4,3,2,1,1,1,1,2,1,1,1,1,1,1,1,2,2,5,4,4,3,2,4,2,1,2,2,2,2,2,3,4
88,3,3,3,5,5,3,3,5,5,2,2,1,1,1,2,1,1,1,1,1,1,1,1,2,4,3,1,2,3,3,2,2,2,1,1,2,2,1,3
89,6,6,5,7,6,6,6,6,6,6,2,2,1,1,1,1,1,1,1,1,1,1,2,2,7,4,4,2,2,4,3,3,3,3,4,4,3,4,4
90,5,6,6,6,6,6,6,6,6,3,2,2,1,1,2,1,1,1,2,1,1,1,3,3,3,3,3,3,3,3,3,2,3,2,2,3,2,3,3
91,4,4,5,5,5,3,5,4,5,5,3,2,2,2,3,4,1,2,2,4,3,1,3,5,2,6,1,5,5,3,3,4,2,5,2,4,3,3,5
92,5,5,4,6,6,5,5,3,5,4,1,1,1,1,2,1,1,1,1,1,1,1,1,1,2,1,1,2,2,2,2,2,1,1,3,1,3,2,4
93,5,5,3,5,5,6,6,5,5,6,3,2,2,1,3,3,1,1,1,1,1,1,2,5,2,2,2,2,2,2,2,2,2,2,2,2,2,3,3
94,6,5,4,5,6,6,6,5,5,6,2,2,1,1,3,1,1,1,1,1,1,1,1,2,1,2,1,1,1,2,2,2,2,2,4,2,2,4,4
95,5,5,2,4,6,5,6,2,4,2,1,1,1,1,2,1,1,1,1,1,1,2,2,1,4,3,2,2,2,2,2,2,2,2,2,2,2,1,3
96,7,7,5,2,7,3,5,3,4,2,2,2,1,1,2,1,1,1,1,1,1,1,1,1,6,2,3,1,1,1,1,1,1,1,1,1,1,1,1
97,7,4,2,6,6,5,6,6,3,6,2,2,2,2,2,2,1,1,3,3,3,2,1,1,1,2,1,1,1,4,2,2,1,1,2,1,2,1,3
98,7,7,5,5,6,2,6,6,3,5,3,3,3,3,3,4,1,2,2,2,1,1,3,5,3,3,6,5,5,2,2,3,2,3,5,5,4,2,2
99,5,3,6,6,6,3,6,4,5,4,2,2,2,2,2,1,1,2,2,1,2,2,1,3,1,3,1,2,2,2,1,1,1,1,2,1,2,1,4
100,6,6,5,5,5,3,6,6,4,4,1,1,1,1,1,1,1,1,3,1,1,1,3,5,7,4,4,4,3,4,5,2,3,3,6,4,4,4,4
101,5,1,1,2,4,1,4,4,2,2,1,1,1,1,2,1,1,1,1,1,1,1,4,4,6,7,5,4,4,4,4,2,4,1,4,2,4,1,7
102,5,3,2,5,5,5,5,5,4,7,2,1,1,1,1,1,1,1,1,1,1,1,4,4,4,3,3,3,4,4,2,3,4,2,4,4,4,3,4
103,6,5,3,5,5,6,5,4,5,2,2,2,1,1,2,2,1,1,1,1,1,1,2,5,7,3,7,6,3,3,3,3,3,6,3,3,3,3,3
104,4,4,1,3,4,3,3,5,5,4,2,2,1,1,2,1,1,1,2,1,1,1,2,1,1,2,1,1,1,1,1,2,1,1,2,1,2,1,2
105,7,1,1,5,4,2,4,4,4,4,1,1,1,2,1,2,1,1,1,1,1,1,1,1,1,1,1,1,1,1,1,1,1,1,1,1,1,1,1
106,7,3,2,6,5,6,6,4,1,2,1,1,1,1,1,1,1,1,1,1,1,1,1,1,6,3,2,2,2,4,4,1,1,1,4,1,1,2,4
107,5,5,4,5,4,2,4,4,5,4,1,1,1,1,2,1,1,1,1,1,1,1,1,1,5,3,2,1,2,3,2,2,2,2,2,2,2,1,3
108,5,6,2,4,2,3,4,4,3,3,1,1,1,1,2,1,1,1,1,1,1,1,1,1,2,2,1,1,1,1,1,1,1,1,1,1,1,1,1
109,5,3,2,4,5,4,5,4,4,4,2,2,1,3,3,1,1,1,1,1,1,2,1,1,1,4,1,1,1,4,2,2,1,1,2,1,2,1,4
110,2,2,3,3,3,3,3,4,4,4,2,1,1,1,1,1,1,1,1,1,1,1,2,2,2,4,2,2,2,2,2,2,2,2,2,2,2,2,3
111,2,7,5,7,7,7,6,7,7,7,2,2,2,2,2,2,1,2,1,1,1,2,2,2,1,2,1,2,2,2,2,2,2,2,4,2,2,1,2
112,6,6,3,7,6,5,6,4,4,4,1,1,1,1,1,1,1,1,1,1,1,1,2,5,7,5,6,5,3,3,3,1,1,3,5,5,2,2,3
113,7,7,5,7,7,5,7,7,5,5,2,2,1,2,3,2,1,1,2,1,1,2,2,5,2,2,1,2,3,2,1,2,2,2,2,3,2,1,2
114,5,5,4,6,6,5,4,6,5,4,5,4,5,4,5,1,1,3,5,1,3,1,7,7,6,6,7,7,6,4,2,7,7,4,6,7,6,2,6
115,2,2,1,2,2,1,1,2,4,4,1,1,1,1,1,2,1,1,1,1,1,1,2,2,5,2,2,2,2,3,3,3,3,3,5,3,3,2,4
116,7,7,5,6,7,7,7,4,7,6,2,2,2,2,3,2,1,1,2,1,1,2,3,2,1,4,4,2,2,3,4,4,3,2,3,3,2,2,4
117,1,1,2,5,6,6,6,4,4,3,1,2,1,1,2,1,1,1,2,1,2,1,2,6,4,4,2,2,4,4,3,2,4,2,2,2,2,1,4
118,7,7,5,5,6,7,6,4,5,4,2,2,1,1,2,2,1,1,1,1,1,1,2,2,7,3,5,4,4,4,4,4,3,3,5,2,2,3,6
119,6,6,6,6,6,6,6,6,6,6,2,2,1,1,2,1,1,1,1,1,1,1,2,2,6,2,2,2,2,2,2,2,2,2,6,2,2,2,4
120,3,6,5,4,7,5,7,7,5,5,1,1,1,1,2,1,1,1,1,1,1,1,2,2,6,7,3,2,2,5,3,2,2,2,2,1,2,1,5
121,7,7,7,7,7,6,7,7,7,7,2,2,1,2,2,1,1,1,1,1,1,1,2,2,4,1,1,1,2,1,1,1,1,1,2,1,3,1,5
122,7,7,1,5,7,7,7,1,7,4,5,5,5,3,2,5,1,2,4,3,1,1,6,6,6,4,7,7,6,1,3,4,1,7,7,6,5,7,5
123,7,7,7,7,7,7,7,7,7,7,4,4,4,4,4,3,2,3,5,2,2,3,7,1,7,7,7,7,7,7,7,7,7,7,7,7,7,7,7
124,6,6,4,5,6,6,6,6,4,4,2,2,1,1,3,1,1,1,1,1,1,1,3,2,2,5,3,2,2,3,3,2,2,2,5,2,2,2,2
125,5,6,3,5,5,5,5,5,3,4,2,1,1,1,2,3,1,1,1,1,1,1,1,2,7,3,4,5,2,2,5,2,3,1,5,2,3,5,3
126,6,5,4,4,4,3,5,4,3,5,3,4,2,2,2,2,1,2,2,2,2,1,3,5,7,1,1,1,5,1,3,3,3,3,2,3,1,4,5
127,1,1,2,4,3,2,2,4,4,3,1,1,1,1,1,1,1,1,1,1,1,1,1,1,1,2,2,1,1,3,3,2,1,1,1,1,1,1,3
128,6,6,3,7,5,6,6,6,6,4,2,1,2,1,2,2,2,1,1,1,1,1,2,2,1,3,1,2,2,1,1,1,2,2,2,1,1,1,1
129,3,5,5,4,4,5,5,3,5,2,2,1,1,1,2,2,1,1,1,1,1,1,1,1,5,3,3,1,2,3,2,2,2,3,1,1,2,2,3
130,5,5,3,3,7,6,6,1,3,3,1,1,1,1,2,2,1,1,1,1,1,1,2,5,7,2,2,1,2,2,2,2,2,2,2,2,2,2,2
131,5,5,3,4,5,4,4,4,5,4,2,1,1,1,2,2,1,1,2,1,1,1,3,5,6,3,2,4,4,3,3,2,2,2,4,3,4,4,5
132,6,7,4,3,5,5,5,1,1,4,1,1,1,1,1,1,1,1,1,1,1,1,1,1,2,3,2,1,3,2,2,1,3,1,2,1,1,1,4
133,7,7,3,6,7,7,6,6,6,5,2,2,1,1,1,2,1,1,1,1,1,1,2,5,4,6,1,1,2,5,2,2,2,2,1,2,2,3,5
134,7,5,6,6,6,3,6,6,6,6,2,1,2,2,2,1,2,2,2,1,2,2,5,5,3,6,1,5,5,2,2,2,2,2,5,3,3,3,5
135,5,7,1,6,6,5,6,5,4,5,2,2,1,2,4,1,1,2,4,1,1,2,2,2,1,3,2,2,2,5,3,2,3,2,6,2,2,1,5
136,6,3,5,6,6,5,6,6,4,5,2,2,2,1,2,1,1,2,2,1,1,1,3,2,3,3,2,2,2,3,2,3,4,2,2,2,2,2,5
137,6,6,4,4,5,2,4,5,6,3,1,2,1,1,2,1,1,1,1,1,1,1,2,2,4,4,2,2,2,2,2,2,2,2,4,2,2,2,2
138,7,7,6,6,7,7,7,7,4,5,2,2,1,2,2,1,1,1,1,1,1,1,3,5,3,4,7,6,5,5,5,2,5,5,2,2,2,3,3
139,7,7,6,7,7,6,7,5,6,5,2,2,1,2,4,1,1,1,1,1,1,1,2,2,3,3,3,3,2,2,2,2,2,2,3,2,2,2,3
140,7,7,4,7,7,4,6,5,7,5,1,1,1,1,1,1,1,1,1,1,1,1,1,1,2,2,2,1,2,1,1,2,1,1,1,1,1,1,2
141,7,7,5,5,7,3,5,5,5,3,2,2,2,1,2,1,1,1,2,1,1,1,3,5,2,4,2,5,4,4,2,3,2,3,5,3,3,2,4
142,5,5,5,6,6,7,6,6,5,6,1,1,1,1,1,1,1,1,1,1,1,1,2,2,1,1,6,1,1,1,1,1,1,1,1,1,1,1,1
143,6,6,5,5,7,5,6,5,6,4,2,2,1,1,2,2,1,2,2,2,1,1,2,2,5,4,3,3,3,4,4,2,2,2,4,2,2,2,4
144,7,6,6,7,7,6,7,7,7,6,2,2,1,1,2,1,1,1,1,1,1,1,2,2,2,2,2,2,2,4,2,2,2,2,2,2,2,1,5
145,6,6,5,6,6,5,6,4,5,4,2,2,1,1,2,2,1,1,1,1,1,1,2,2,3,2,2,2,2,2,2,2,2,2,2,2,2,2,3
146,5,5,3,2,4,3,4,4,4,4,1,1,1,1,1,1,1,1,1,1,1,1,2,1,4,4,3,2,2,2,2,2,3,2,2,2,2,2,2
147,2,2,2,5,3,1,4,4,2,2,2,2,1,1,1,1,1,1,2,1,1,1,2,2,4,4,2,2,2,2,2,2,2,2,1,2,4,4,2
148,7,7,7,7,7,7,7,6,6,5,3,3,2,2,4,2,1,1,1,1,1,1,3,6,6,2,3,6,5,6,4,3,3,2,6,2,2,2,2
149,6,5,2,6,7,6,7,6,5,5,1,2,1,1,2,1,1,1,1,1,1,1,1,1,5,3,1,1,2,2,3,2,2,1,2,2,2,1,3
150,7,7,6,7,7,7,7,6,6,6,2,2,1,1,1,2,1,1,1,1,1,1,5,6,3,7,2,6,6,6,2,2,5,2,2,6,2,2,6
151,6,2,1,3,4,1,4,1,4,2,2,2,1,1,1,1,1,1,1,1,1,1,2,2,2,5,2,2,4,3,2,2,2,2,2,2,2,2,3
152,5,1,1,5,5,1,5,4,6,5,1,2,1,1,1,1,1,1,1,1,1,1,1,1,1,4,1,1,1,4,2,1,1,1,1,1,1,1,4
153,7,7,6,5,7,5,7,5,7,5,2,2,1,2,3,2,1,1,1,1,1,1,2,5,5,6,3,4,3,2,3,2,2,1,4,2,2,1,4
154,7,5,6,6,6,6,6,7,6,7,2,2,4,3,3,4,2,3,3,2,3,2,5,7,5,6,1,7,6,6,2,5,5,6,3,5,6,6,7
155,7,7,5,5,7,7,7,5,5,6,1,2,1,1,2,1,1,1,2,1,1,1,3,3,7,6,7,3,4,3,5,2,2,2,2,4,2,2,3
156,6,6,5,5,5,5,5,5,5,4,2,2,1,1,2,2,1,1,1,1,1,1,2,2,5,3,3,1,3,3,2,2,2,2,2,2,2,2,3
157,6,6,5,5,6,6,6,5,5,5,2,3,2,2,2,2,2,2,2,2,2,2,3,3,2,4,3,3,3,3,4,4,3,3,3,3,3,3,3
158,3,4,4,3,5,4,5,4,3,3,2,2,1,1,2,1,1,1,1,1,1,1,2,5,6,2,3,3,3,3,2,2,2,2,3,2,2,2,4
159,2,3,2,5,5,5,5,5,5,5,2,2,1,2,2,2,1,1,1,1,1,1,2,5,3,4,2,4,3,3,3,3,3,3,5,3,3,3,3
160,5,6,5,5,5,5,5,4,6,4,2,2,1,1,2,1,1,1,2,1,1,2,2,2,5,3,5,2,2,2,2,2,3,3,4,2,2,2,3
161,5,3,2,3,7,6,7,5,3,1,1,1,1,1,2,1,1,1,1,1,1,1,1,1,1,1,1,1,1,2,1,1,1,1,2,1,2,1,4
162,6,6,5,6,5,5,5,3,6,4,3,5,5,5,5,1,3,5,1,4,4,5,3,3,1,2,1,1,3,3,3,3,3,5,2,3,2,2,5
163,5,4,3,5,6,4,5,5,5,5,1,1,1,2,1,1,1,1,1,1,1,1,1,1,1,2,1,1,1,2,2,2,1,1,2,2,2,2,3
164,7,6,3,7,6,6,6,5,5,3,2,2,2,2,3,4,1,2,1,1,1,2,2,2,3,4,3,1,2,3,3,3,2,3,4,2,2,4,4
165,5,5,5,6,6,5,5,5,4,5,2,2,1,1,1,1,1,1,1,1,1,1,3,5,6,2,5,5,3,3,3,3,3,3,5,3,3,3,3
166,1,3,4,6,3,3,3,5,4,3,2,1,1,1,1,2,1,1,1,1,1,1,1,2,1,2,2,2,2,2,2,1,1,2,2,1,2,2,2
167,5,5,5,5,5,3,5,4,4,3,1,1,1,1,2,1,1,1,2,1,1,1,2,1,2,2,2,1,2,2,2,2,2,2,2,2,2,1,2
168,6,6,4,5,6,6,6,4,4,3,2,2,1,1,2,1,1,1,1,1,1,1,2,5,6,4,3,2,2,3,2,2,2,2,3,2,2,2,3
169,3,4,2,3,3,4,6,3,3,3,2,2,2,2,2,2,1,1,2,1,2,2,2,5,5,4,5,5,5,4,5,3,4,3,3,3,3,3,5
170,6,7,3,5,6,7,6,6,5,3,2,1,2,2,2,1,1,1,1,1,1,2,1,1,6,3,3,2,2,1,2,2,1,2,3,2,2,2,3
171,5,2,5,4,2,1,6,2,2,2,2,2,2,2,1,1,1,1,1,1,1,1,1,1,7,3,6,1,2,4,3,2,2,2,2,2,2,2,3
172,5,3,5,5,6,4,5,5,5,4,2,1,1,1,3,2,1,1,1,1,1,1,1,5,4,4,3,4,4,5,3,2,2,2,3,3,3,2,5
173,3,2,2,5,5,1,3,5,5,6,2,1,1,1,1,2,1,1,1,1,1,1,2,2,6,4,4,2,2,2,2,2,2,4,2,2,2,4,5
174,5,5,4,6,6,3,6,5,4,3,2,2,2,2,3,2,1,1,1,1,1,1,2,2,5,5,3,2,3,4,3,2,3,3,3,2,2,3,3
175,7,7,7,7,7,6,7,7,5,7,3,4,2,3,3,5,2,5,2,4,2,1,6,6,2,6,5,7,6,6,3,6,6,4,5,7,6,4,7
176,7,7,7,7,7,7,7,5,7,5,3,2,1,1,2,2,1,1,2,1,1,2,3,7,5,6,4,7,6,6,3,2,2,2,5,6,3,3,6
177,5,4,4,4,5,6,5,4,4,4,2,2,2,1,2,1,1,2,1,1,2,1,2,2,5,3,3,2,3,3,3,3,3,3,4,3,4,3,4
178,1,6,6,7,7,2,6,6,6,7,4,4,2,2,2,4,1,2,4,1,2,2,7,7,7,7,2,7,7,7,2,7,7,2,2,7,7,4,7
179,6,1,5,2,7,5,7,5,6,3,2,2,1,2,2,1,1,1,1,1,1,1,2,3,2,6,4,5,5,5,4,1,4,3,7,2,1,1,5
180,7,7,2,7,6,6,6,6,7,6,2,2,1,2,3,1,1,1,1,1,1,1,1,2,2,2,2,2,3,3,2,2,2,2,4,2,2,2,3
181,5,5,5,5,6,6,6,5,5,4,2,2,1,1,2,1,1,1,1,1,1,1,5,7,4,5,2,5,6,7,2,2,5,2,5,5,6,3,6
182,6,7,3,2,4,2,4,4,5,3,1,2,1,1,2,1,1,1,1,1,1,1,2,2,5,2,3,1,2,2,2,2,2,2,5,2,3,3,3
183,6,3,5,6,6,2,6,7,6,6,4,3,2,2,3,4,1,1,3,1,1,1,3,6,5,6,5,7,6,6,3,4,5,5,6,5,4,6,6
184,2,5,1,3,3,1,3,2,6,2,2,2,1,1,1,1,1,1,1,1,1,1,2,2,1,3,2,2,2,2,2,2,2,2,2,1,2,2,2
185,3,1,3,6,7,6,6,6,6,2,2,2,1,1,2,1,1,1,1,1,1,1,1,2,7,2,2,2,2,5,2,2,2,1,1,2,2,1,2
186,3,5,2,2,2,2,5,4,3,2,2,2,1,2,1,1,1,1,1,1,1,2,1,2,5,2,2,1,1,2,2,2,2,2,5,2,2,1,3
187,6,6,5,7,7,6,7,6,4,6,2,2,1,1,2,2,1,1,1,1,1,1,2,2,2,6,2,2,3,6,2,3,4,2,2,3,2,2,6
188,5,4,2,4,6,2,6,4,4,4,2,2,1,1,1,1,1,1,1,1,1,1,2,5,4,4,2,2,3,3,2,2,4,2,4,3,3,4,3
189,3,4,4,5,5,2,3,3,5,4,2,2,1,1,1,2,1,1,1,1,1,1,3,4,4,5,4,4,3,4,5,2,3,2,4,3,3,4,4
190,7,7,5,6,7,6,7,7,7,2,2,2,1,2,2,2,2,1,2,1,2,1,3,5,5,4,3,4,5,4,3,3,4,4,3,4,3,4,6
191,6,6,2,5,5,2,5,5,4,4,1,1,2,1,3,1,1,1,1,1,1,1,1,1,1,3,1,1,1,3,2,2,1,1,2,2,1,1,3
192,7,7,6,6,6,6,6,6,5,6,3,3,2,3,4,4,4,4,3,3,3,3,7,7,7,4,5,6,6,2,3,6,6,6,4,7,6,7,7
193,7,6,7,7,7,6,7,7,7,7,5,5,4,4,5,5,3,4,2,4,2,4,6,6,6,7,4,7,7,7,1,4,7,4,2,7,7,3,7
194,7,7,6,3,6,6,6,6,3,5,3,2,1,1,2,1,1,1,4,1,1,2,5,5,1,2,1,5,6,2,2,1,2,2,6,2,2,2,2
195,1,1,5,5,5,2,3,7,3,5,2,2,2,1,1,1,1,1,1,1,1,2,2,2,6,5,5,2,1,3,2,1,1,1,4,1,1,1,4
196,1,1,1,7,7,1,1,4,4,3,1,1,1,1,1,1,1,1,1,1,1,1,1,1,3,2,2,2,1,1,2,1,2,2,2,1,2,2,4
197,3,5,4,6,7,6,6,5,6,5,2,2,1,1,2,1,1,1,1,1,1,1,2,5,4,4,3,5,3,5,3,3,3,3,4,5,3,3,3
198,5,5,4,5,5,2,3,5,3,4,2,2,1,2,2,1,1,1,2,1,1,1,2,4,6,5,4,2,4,5,2,2,2,2,4,2,2,4,4
199,7,5,4,7,7,4,7,7,7,5,2,2,1,1,2,3,1,2,1,1,2,1,2,2,5,4,2,2,2,2,2,2,2,3,4,2,3,2,3
200,7,7,7,7,7,7,7,7,7,7,5,5,5,1,5,4,1,1,1,1,1,1,4,6,1,4,2,5,6,2,1,4,4,2,1,4,4,4,6
201,3,6,4,5,5,3,5,5,5,2,2,2,1,1,2,1,1,1,1,1,1,1,1,1,7,2,3,1,1,1,2,1,2,1,2,2,2,1,3
202,5,3,3,4,5,5,5,5,5,5,1,1,1,1,2,2,1,1,1,1,1,1,1,1,1,5,1,1,1,1,2,2,1,1,3,1,2,1,2
203,7,7,4,7,7,7,7,5,4,2,2,2,1,2,3,1,1,1,1,1,1,1,2,1,1,2,1,1,1,1,1,1,1,1,1,1,1,7,4
204,5,6,3,7,6,4,7,6,7,7,2,2,2,1,1,2,1,1,2,3,1,1,1,2,1,5,1,1,1,4,4,1,2,2,2,1,2,2,4
205,7,7,7,7,7,6,7,7,7,7,4,5,4,3,4,5,4,4,5,1,3,2,5,7,2,2,2,6,6,2,2,4,6,4,4,6,6,6,4
206,2,2,2,4,5,3,5,5,5,2,1,1,1,1,3,1,1,1,1,1,1,1,2,3,5,6,3,2,3,5,4,2,2,3,5,2,2,3,5
207,3,2,4,4,4,3,3,4,4,4,1,1,1,1,1,1,1,1,1,1,1,1,3,3,4,3,3,3,3,4,4,3,3,3,3,3,4,3,3
208,3,5,5,6,5,4,5,5,3,5,2,1,2,1,1,1,1,1,1,2,1,1,2,2,7,3,3,2,2,2,2,1,1,3,3,3,3,5,3
209,6,6,4,6,7,6,7,7,6,4,3,2,1,1,2,2,1,1,1,1,1,1,3,3,5,4,3,3,3,3,6,3,3,3,6,3,3,2,5
210,2,2,2,2,4,2,4,3,4,3,2,2,1,1,1,2,1,1,1,1,1,1,2,1,6,2,5,1,2,3,2,2,2,2,2,2,4,4,4
211,5,4,3,5,6,3,5,5,5,5,1,2,1,1,1,1,1,1,1,1,1,1,2,4,5,5,4,3,3,3,3,3,3,3,3,3,3,3,3
212,7,7,5,6,7,7,7,5,4,4,2,1,1,2,3,1,1,1,1,1,1,1,1,2,2,3,2,2,1,1,2,2,1,1,2,1,1,1,3
213,5,5,4,5,4,3,3,3,3,3,3,2,1,1,3,1,1,1,2,1,1,1,2,1,1,2,1,1,2,3,2,2,2,1,1,2,2,1,3
214,5,3,3,4,5,3,4,4,4,3,2,2,1,1,1,1,1,1,1,1,1,1,1,1,2,4,1,1,2,2,2,2,2,2,1,2,2,2,2
215,4,2,2,5,4,3,5,5,5,5,1,1,1,2,2,1,1,1,1,1,1,1,3,5,5,5,2,2,3,3,2,2,2,2,3,2,2,3,2
216,6,3,2,6,6,5,6,6,5,3,1,1,1,1,1,1,1,1,1,1,1,1,1,1,1,2,2,1,2,1,2,2,2,2,2,2,2,2,2
217,5,6,6,6,6,5,6,4,4,5,2,2,1,2,2,2,1,2,2,1,1,1,1,1,2,2,2,1,1,2,2,1,2,2,1,1,2,2,2
218,4,3,2,4,5,3,5,6,4,4,1,1,1,1,2,1,1,1,1,1,1,1,2,2,2,2,2,2,2,2,2,2,2,2,2,2,2,1,3
219,6,4,3,5,6,4,5,4,6,3,2,1,1,1,3,1,1,1,1,1,1,1,2,2,5,4,3,4,3,4,2,2,2,1,4,2,2,1,4
220,6,6,6,6,7,6,7,7,3,7,3,2,4,4,3,2,2,2,2,1,1,1,5,5,2,5,4,5,4,6,3,3,4,3,3,5,2,3,6
221,6,7,2,6,6,5,6,1,6,3,2,1,1,1,2,2,1,1,1,1,1,2,2,3,5,2,2,3,3,2,2,3,2,2,2,1,2,2,3
222,5,5,5,7,6,6,6,5,5,6,2,2,2,2,3,2,1,1,1,1,1,1,1,2,1,3,2,2,2,3,2,1,2,2,2,1,2,2,6
223,6,5,5,7,7,6,6,6,6,6,3,3,3,3,3,2,1,2,2,1,2,1,3,5,2,4,2,5,4,4,3,3,3,3,5,4,5,4,6
224,5,5,5,5,5,5,5,5,5,3,2,2,1,1,2,1,1,1,1,1,2,1,2,2,3,3,3,5,2,2,2,2,2,2,2,3,2,2,2
225,4,4,2,3,3,3,3,3,4,2,1,2,1,2,2,2,1,1,1,1,2,1,2,1,1,2,1,1,1,2,2,2,2,2,2,2,2,2,2
226,2,3,2,5,6,3,4,4,4,4,2,1,1,1,2,2,1,1,1,1,1,1,2,3,6,4,5,2,3,3,2,2,3,2,2,2,2,2,3
227,7,7,5,5,7,6,5,6,3,3,2,2,1,3,2,2,1,1,1,1,1,1,2,4,6,3,2,2,3,3,3,2,2,2,4,4,2,2,4
228,5,5,5,3,5,5,5,5,4,3,2,2,3,3,2,2,2,3,2,3,2,1,1,5,5,3,2,3,4,4,3,2,2,3,2,2,2,2,3
229,3,2,1,2,3,1,2,6,4,1,1,2,1,1,1,1,1,1,1,1,1,1,2,4,3,2,2,4,4,4,4,4,4,4,3,4,4,4,5
230,2,6,3,7,7,5,6,6,6,6,4,3,1,2,5,3,1,2,2,1,2,2,2,2,2,4,1,2,3,6,3,3,3,2,2,5,2,2,4
231,7,7,7,7,7,5,7,7,7,7,4,4,4,2,4,4,1,2,4,1,2,1,7,7,2,6,5,7,7,7,1,6,7,6,6,7,6,7,7
232,7,6,5,7,7,6,6,6,6,3,2,2,1,2,3,1,1,1,1,1,1,1,1,1,2,2,1,2,1,1,1,2,2,2,2,2,1,1,4
233,5,5,5,6,6,5,5,4,2,5,2,2,1,2,2,1,1,1,1,1,1,1,4,5,5,5,5,5,5,6,5,2,3,3,5,4,2,3,5
234,6,6,2,5,5,4,5,3,4,2,2,2,1,1,1,1,1,1,1,1,1,1,2,2,2,4,5,1,2,3,4,2,2,2,2,1,2,2,5
235,7,7,3,5,6,5,7,5,4,3,2,3,1,1,4,1,1,1,1,1,1,1,2,2,2,6,2,2,2,3,3,2,2,2,2,2,2,2,5
236,7,7,5,6,6,2,6,6,7,4,4,4,3,2,3,2,1,2,1,3,1,1,5,6,7,6,4,7,6,7,4,5,6,6,3,6,6,4,6
237,6,6,5,5,7,6,7,5,6,3,2,2,1,2,2,1,1,1,1,1,1,1,2,5,6,3,5,2,2,2,2,2,2,2,2,2,2,1,5
238,5,5,2,5,5,5,6,4,4,4,2,1,1,1,2,1,1,1,1,1,1,1,1,4,4,3,2,2,3,3,3,3,2,2,4,2,2,2,5
239,5,5,5,6,6,4,5,5,6,4,1,1,1,1,1,1,1,1,1,1,1,1,2,5,5,2,2,3,3,3,3,2,2,2,1,3,2,3,5
240,7,7,5,7,7,6,7,6,6,5,2,2,2,2,2,2,1,2,1,1,1,2,2,3,2,3,2,2,3,3,2,3,2,2,5,2,3,2,5
241,6,6,3,5,7,5,5,4,5,4,1,1,1,1,1,1,1,1,1,1,1,1,2,5,6,5,1,1,3,3,2,1,3,3,2,3,3,3,5
242,5,6,3,3,6,5,5,3,3,1,2,2,1,1,3,2,1,1,1,1,1,1,2,2,1,2,1,3,2,1,4,2,2,2,2,2,2,1,3
243,4,5,5,6,7,2,6,6,4,5,1,1,1,1,2,1,1,1,1,1,1,1,1,2,6,4,3,2,2,2,2,2,2,2,2,2,2,1,2
244,6,7,6,6,7,6,6,5,5,5,2,1,2,1,1,1,1,1,1,1,1,1,2,1,2,2,2,1,2,2,2,3,2,2,2,2,2,2,2
245,6,6,4,6,6,5,6,6,6,4,3,3,1,1,3,3,1,1,1,2,1,1,2,2,5,4,3,2,2,3,3,2,2,3,2,3,3,5,3
246,6,5,2,4,6,2,4,5,3,4,2,1,1,1,1,1,1,1,2,1,1,1,2,3,6,5,4,2,3,3,3,3,2,3,1,2,2,2,3
247,6,6,6,7,7,7,7,7,5,6,2,2,2,1,2,1,1,1,2,1,1,1,2,1,1,3,1,1,2,7,2,2,2,2,1,2,3,2,7
248,1,7,2,1,1,3,2,2,2,2,2,1,1,1,2,3,1,1,1,1,1,1,2,2,5,2,2,5,1,1,1,1,1,1,1,1,1,1,3
249,1,2,5,6,7,6,6,5,4,5,5,5,4,2,3,4,1,1,2,2,1,2,5,7,1,7,6,7,6,7,6,4,5,3,2,6,4,5,6
250,6,6,4,5,7,5,6,4,4,4,4,4,1,2,4,2,1,2,2,1,1,1,5,7,3,4,6,5,5,4,3,3,5,3,3,4,3,2,5
251,5,5,3,4,5,5,5,5,5,5,2,2,1,2,3,3,1,1,1,1,1,2,3,3,5,4,3,4,3,3,3,4,3,3,5,3,3,3,4
252,5,6,2,4,5,6,5,5,3,3,2,1,1,1,2,1,1,1,1,1,2,1,1,1,3,4,3,1,1,1,1,1,1,1,1,1,1,1,2
253,6,7,5,6,7,6,6,4,6,3,2,1,1,1,2,1,1,1,1,1,1,1,1,2,2,3,2,1,2,3,2,2,2,2,2,2,2,2,3
254,6,5,3,5,6,4,7,4,5,3,4,1,1,1,1,2,1,1,3,1,1,1,6,6,7,7,6,3,6,6,6,4,6,4,3,5,4,5,6
255,2,4,2,2,5,5,5,5,3,5,2,2,1,1,2,1,1,1,1,1,1,2,1,1,2,2,2,1,2,2,1,1,1,1,2,1,2,1,3
256,3,5,2,2,5,3,4,4,3,2,1,1,2,1,2,2,1,1,2,1,1,1,3,5,7,4,5,5,3,4,4,2,3,3,3,2,2,2,4
257,6,6,2,3,3,3,5,4,6,4,2,2,1,1,2,1,1,1,1,1,1,1,1,2,2,5,1,3,4,5,3,1,5,1,2,3,1,2,5
258,3,5,3,4,5,2,4,5,4,3,2,1,1,1,2,1,1,1,1,1,1,1,1,1,6,5,5,1,1,2,2,1,1,2,2,1,1,1,3
259,2,2,3,6,5,6,6,4,4,5,1,1,1,1,2,1,1,1,1,1,1,1,2,2,5,6,2,4,2,5,4,2,3,3,2,3,2,2,5
260,3,4,4,4,4,3,4,6,4,5,2,1,1,2,4,3,1,1,2,1,1,1,2,3,5,3,4,3,2,3,3,2,2,2,5,3,2,2,4
261,4,3,1,6,6,2,5,5,6,2,2,1,1,2,3,2,2,2,1,1,1,1,2,6,5,2,2,4,3,3,2,2,2,3,2,3,2,1,5
262,6,4,5,6,6,3,6,4,5,3,1,1,1,1,2,1,1,1,1,1,2,1,2,3,6,4,3,3,2,5,3,2,2,3,3,5,2,3,5
263,7,7,6,7,7,4,6,5,4,5,4,4,4,3,4,3,1,4,4,1,1,2,7,7,6,7,7,7,6,6,3,4,6,7,4,4,4,4,7
264,5,5,2,3,5,2,5,6,5,5,1,1,1,1,2,1,1,1,1,1,1,1,1,1,5,3,1,1,1,1,2,2,1,1,1,1,2,1,2
265,1,1,1,7,2,1,1,6,4,6,1,2,1,1,1,1,1,1,1,1,1,1,1,1,1,1,1,1,1,1,1,1,1,1,1,1,2,1,4
266,6,7,4,5,5,6,5,3,6,4,2,2,1,2,2,1,1,1,1,1,1,1,2,3,6,4,5,3,3,5,4,4,4,3,4,3,3,3,4
267,7,7,4,4,7,6,7,5,3,5,3,3,3,3,3,1,2,1,3,1,2,1,3,5,1,4,1,4,4,7,4,2,4,1,4,2,4,4,6
268,5,4,4,6,7,4,5,4,7,5,1,1,1,1,1,1,1,1,1,1,1,1,2,2,6,4,4,2,4,7,6,2,6,7,6,3,4,7,2
269,3,6,3,4,5,4,5,6,4,3,3,2,1,1,2,1,1,1,1,1,1,1,3,5,4,5,4,3,3,6,3,2,4,2,3,3,3,2,5
270,6,5,5,5,6,2,6,6,3,3,2,1,1,2,2,2,1,1,2,1,1,1,1,1,2,2,2,2,2,2,2,2,2,2,2,2,2,2,3
271,5,2,2,5,6,1,5,4,5,3,2,1,1,1,2,1,1,2,1,1,1,1,1,2,6,3,5,2,2,2,2,2,2,2,3,2,2,1,3
272,7,7,5,6,6,3,6,5,6,3,2,2,2,2,2,2,1,2,3,1,2,1,5,6,5,6,2,6,5,6,2,5,6,3,3,6,3,5,6
273,7,7,3,7,7,7,7,7,7,5,2,2,2,1,2,3,1,2,1,1,1,1,4,5,3,5,2,5,5,6,2,3,5,5,2,6,3,6,6
274,7,7,6,6,7,7,7,6,6,7,3,2,2,2,3,3,1,2,2,1,1,1,4,6,2,6,2,5,6,6,2,3,6,4,4,3,4,6,5
275,5,5,4,5,5,3,5,5,5,4,2,1,1,1,2,1,1,1,1,1,1,1,1,1,1,4,1,1,1,2,2,1,1,1,3,1,1,1,4
276,7,7,5,6,7,5,5,6,5,3,4,2,2,2,2,4,1,1,2,1,1,2,3,5,3,7,5,5,7,7,2,2,7,3,5,7,2,2,7
277,7,1,3,7,7,1,7,4,4,7,3,1,2,1,1,2,1,1,1,1,1,1,4,1,4,4,5,1,2,4,3,5,6,2,4,2,6,3,5
278,5,6,3,7,5,5,6,3,6,4,2,2,1,1,2,1,1,1,1,1,1,1,2,2,3,2,2,1,3,5,3,2,2,2,1,2,2,1,3
279,7,7,2,4,6,2,5,5,5,5,2,1,1,1,2,2,1,1,1,1,1,1,2,5,5,4,2,2,3,4,3,2,2,2,2,3,3,5,3
280,6,2,5,7,6,5,7,6,7,3,2,2,2,2,2,2,1,1,2,1,1,1,2,3,3,3,4,3,2,2,3,2,1,2,2,2,2,2,5
281,7,5,3,7,7,6,6,7,4,6,4,2,1,1,3,3,1,1,3,1,1,1,2,1,2,3,2,1,2,6,1,2,2,2,2,1,1,3,5
282,6,7,3,4,6,7,6,4,2,3,2,1,1,1,2,1,1,1,1,1,1,1,2,6,7,4,5,5,4,4,4,3,5,5,3,3,3,5,5
283,7,7,5,7,7,6,7,7,6,6,2,1,1,1,3,1,1,1,1,1,1,1,2,5,6,5,2,5,3,4,2,2,2,2,2,2,3,3,7
284,4,5,2,3,5,3,5,3,5,4,2,2,1,1,1,2,1,1,1,1,1,1,3,5,7,3,6,3,5,2,3,3,4,1,4,3,3,2,4
285,6,6,3,6,6,2,6,5,2,3,3,1,1,1,2,1,1,1,1,1,1,1,3,6,6,4,2,5,4,2,4,2,2,2,5,1,2,5,4
286,7,6,1,7,6,2,7,4,3,3,1,2,1,1,2,2,1,1,1,1,1,1,1,2,2,4,1,1,1,1,1,1,1,1,4,1,1,1,3
287,6,6,2,5,6,5,5,5,6,5,1,1,1,1,2,1,1,1,1,1,1,1,1,1,5,3,2,1,2,2,2,1,1,1,4,1,2,2,7
288,5,6,5,5,4,4,4,4,6,4,1,1,1,2,1,1,1,1,1,1,1,1,2,4,6,4,5,5,5,4,4,2,4,4,3,3,3,3,4
289,7,7,6,7,6,6,6,3,3,5,4,3,1,2,2,1,1,2,1,2,1,2,3,3,6,5,5,5,4,6,4,2,3,5,5,5,3,3,4
290,6,7,3,6,7,6,7,6,3,5,1,1,1,1,1,1,1,1,1,1,1,1,1,1,6,2,2,1,1,1,2,1,1,1,2,1,2,1,1
291,4,3,4,5,6,3,5,4,7,4,3,1,1,1,2,1,1,1,1,1,1,1,4,5,7,4,6,5,4,5,5,4,4,6,4,4,3,4,5
292,4,1,2,4,6,1,6,5,4,4,1,1,2,1,1,2,1,1,2,1,1,1,4,5,3,6,2,4,5,6,2,3,5,3,4,5,4,4,6
293,4,3,2,4,5,5,6,4,4,3,2,1,1,1,2,1,1,1,1,1,1,1,2,2,5,2,2,2,2,2,3,3,2,2,2,3,3,2,4
294,6,7,5,6,5,6,6,5,5,5,2,2,1,1,3,2,1,1,1,1,2,1,1,1,2,3,3,1,2,2,2,2,2,3,2,2,3,2,3
295,1,2,6,7,7,7,7,7,7,7,4,4,2,2,2,2,2,2,1,2,2,2,5,5,4,5,5,5,6,6,2,5,6,5,3,5,5,7,7
296,6,3,2,7,5,1,4,7,5,5,3,1,2,2,3,3,1,1,1,1,1,1,3,5,3,5,4,3,4,5,1,2,2,1,4,3,2,2,7
297,6,6,4,6,6,4,5,5,5,4,2,1,1,2,2,2,1,1,1,1,1,1,2,2,6,4,2,1,2,2,2,2,2,2,1,2,2,2,2
298,5,5,2,4,3,2,4,6,3,4,1,1,1,1,2,1,1,1,1,1,1,2,7,2,4,4,2,2,2,4,3,2,2,2,3,6,2,2,4
299,1,5,7,7,6,3,6,4,6,1,1,1,1,1,1,1,1,1,1,1,1,1,7,2,4,4,2,1,2,1,4,3,3,2,4,1,3,4,3
300,4,5,1,4,3,2,5,5,5,4,2,1,2,2,2,1,1,1,1,1,1,1,2,5,4,3,2,4,2,2,2,2,2,2,2,3,2,3,5
301,5,2,5,5,7,6,6,4,5,3,2,1,1,1,1,2,1,1,1,1,1,1,2,2,5,3,3,2,4,5,4,3,3,4,4,2,4,3,4
302,6,6,1,2,4,2,4,2,4,5,2,2,2,1,2,4,1,1,2,1,1,2,3,4,7,3,5,5,4,3,6,4,4,3,5,4,4,2,4
303,6,2,3,7,7,3,7,5,5,5,2,4,2,2,2,4,1,2,2,1,1,1,2,2,3,2,6,3,3,3,3,3,3,3,4,3,3,3,6
304,4,4,1,4,7,2,4,4,4,2,2,1,1,1,2,2,1,1,1,1,1,1,1,1,7,4,4,1,3,5,4,2,2,2,2,2,2,2,4
305,5,6,3,6,6,2,5,4,5,4,3,2,1,2,2,2,2,2,2,1,2,1,2,2,5,3,5,3,3,3,5,2,3,2,2,2,2,1,3
306,5,5,3,5,5,3,5,5,3,4,2,2,2,1,2,1,1,2,1,1,2,2,3,6,6,2,6,5,6,2,3,3,6,2,6,3,3,3,4
307,7,5,3,6,7,3,6,6,3,5,1,1,1,1,1,1,1,1,1,1,1,1,2,1,3,2,1,1,2,2,2,2,2,1,3,7,2,1,2
308,5,3,1,3,3,1,3,5,7,2,1,1,1,1,1,1,1,1,1,1,1,1,1,1,5,2,1,1,1,1,2,2,2,2,2,2,2,2,3
309,4,3,3,6,3,3,5,6,6,5,2,2,1,1,2,2,1,1,1,1,1,1,2,4,7,3,4,3,3,3,3,3,3,3,5,3,3,4,3
310,6,3,4,4,6,2,4,4,4,4,2,1,1,1,3,2,1,1,1,1,1,1,2,4,7,3,3,3,2,4,2,2,3,3,5,3,2,2,4
311,3,1,1,4,2,1,2,4,2,1,2,1,1,1,1,1,1,1,2,1,1,1,1,2,6,2,1,1,2,2,2,2,2,2,1,1,2,1,2
312,5,2,2,4,5,2,4,5,5,5,1,1,2,1,2,1,1,1,1,1,1,1,1,1,6,2,1,6,1,2,2,2,2,2,2,2,2,2,2
313,6,6,5,6,7,6,7,5,7,3,5,4,2,1,2,2,1,2,2,1,1,1,6,7,6,2,5,7,5,3,5,4,3,3,5,6,2,5,4
314,2,6,5,6,6,2,5,3,6,2,1,1,1,1,1,1,1,1,1,1,1,1,2,5,6,2,2,2,2,2,2,1,2,2,2,2,2,2,3
315,1,1,1,4,4,1,5,5,5,4,1,1,1,1,1,1,2,1,1,1,2,1,1,2,2,1,1,1,1,1,1,1,1,1,2,1,1,1,2
316,7,7,7,7,7,7,7,7,7,7,3,1,1,1,2,1,1,2,3,1,1,1,2,2,5,3,1,1,3,2,2,2,6,1,5,3,1,1,3
317,6,6,3,5,6,4,6,5,4,3,1,1,1,1,1,1,1,1,1,1,1,1,2,2,5,4,3,2,2,4,4,2,2,2,4,2,2,2,4
318,3,2,6,6,6,3,6,7,4,6,3,2,1,2,2,1,1,1,2,1,1,2,3,5,4,4,5,5,4,4,4,3,3,4,4,4,4,4,4
319,5,5,5,4,5,5,4,2,2,2,2,2,1,1,3,1,1,1,1,1,2,1,3,5,5,5,2,2,4,3,3,3,3,2,3,3,3,2,4
320,6,7,5,7,7,6,7,1,7,6,4,3,2,2,3,4,2,2,1,1,1,2,5,3,2,6,5,5,6,5,5,5,5,4,5,4,3,3,5
321,6,3,4,4,5,5,5,4,4,4,2,2,1,2,2,1,1,1,1,1,1,1,2,1,5,2,1,2,2,2,2,2,2,2,2,2,2,2,3
322,3,2,5,3,5,5,5,6,6,5,2,2,2,2,2,1,1,2,1,2,2,1,1,1,1,2,1,1,1,1,2,2,1,1,2,2,2,2,3
323,5,7,4,6,7,3,5,5,6,4,2,2,2,1,2,1,1,1,2,1,2,1,2,5,7,3,2,4,3,3,3,2,3,3,2,2,2,2,7
324,7,7,5,6,6,4,6,5,3,4,2,1,1,2,2,1,1,2,2,1,1,1,2,6,7,4,4,3,4,6,6,4,5,5,5,4,3,3,5
325,5,5,3,3,3,5,5,5,5,3,2,2,1,1,2,1,1,1,1,1,1,1,1,1,6,3,3,1,2,2,2,2,2,2,1,1,1,1,6
326,5,7,5,6,5,6,6,5,4,3,2,2,1,2,4,4,2,2,1,1,2,1,2,2,2,3,5,2,2,4,2,2,2,2,2,3,2,3,6
327,2,3,4,3,3,4,5,2,4,2,2,2,1,1,1,2,1,1,1,1,1,1,2,3,5,3,2,3,3,3,2,2,2,2,2,2,2,2,3
328,6,7,5,7,6,6,6,6,7,6,2,2,1,2,2,1,1,1,2,1,1,1,1,2,4,3,3,3,1,2,2,2,2,2,2,2,2,2,2
329,5,4,3,2,5,3,3,4,5,3,2,2,1,1,2,1,1,1,1,1,1,1,1,3,4,3,2,1,2,2,2,2,2,2,1,2,2,2,4
330,3,3,2,6,6,6,6,3,4,3,1,1,1,1,1,1,1,1,1,1,1,1,2,1,3,2,1,1,2,2,1,2,2,2,3,2,2,2,4
331,1,5,4,5,6,4,5,3,5,5,3,3,1,1,1,1,1,1,2,1,1,1,4,3,7,4,6,4,6,6,6,4,6,4,6,6,5,4,6
332,2,2,7,7,6,3,6,6,6,1,5,4,2,2,1,5,1,1,5,1,1,1,3,5,7,6,2,6,6,3,3,3,6,6,6,6,4,3,3
333,3,3,4,4,4,1,4,4,4,4,4,1,1,2,1,1,1,1,1,1,1,2,2,5,7,4,5,5,5,4,3,3,5,3,7,3,2,3,2
334,7,6,5,6,6,4,5,5,4,4,2,2,1,2,3,1,2,2,2,1,2,2,2,2,2,4,3,2,2,4,3,2,2,2,4,3,2,2,5
335,6,7,3,7,7,5,6,6,5,5,3,3,1,1,2,3,1,1,1,1,1,1,2,3,3,3,1,1,3,3,1,2,3,2,2,2,2,1,3
336,6,7,5,6,7,3,6,4,5,4,2,2,1,1,3,1,1,1,2,1,1,1,1,5,2,3,1,2,5,4,6,2,2,1,4,1,2,2,5
337,3,2,3,2,5,3,5,5,6,4,2,1,1,1,2,1,1,1,1,1,1,1,1,2,6,3,2,1,1,1,2,2,1,1,2,6,2,1,1
338,7,4,5,6,7,6,6,4,5,3,4,3,3,3,4,5,1,2,2,3,1,1,5,7,5,7,7,7,7,4,4,4,7,1,4,4,4,7,7
339,1,4,5,4,6,4,6,5,3,4,4,1,3,2,3,1,1,1,4,1,1,1,3,3,5,6,4,6,4,3,4,4,5,3,4,4,4,3,4
340,1,1,1,2,6,5,6,5,2,1,1,1,1,1,1,1,1,1,1,1,1,1,2,2,2,2,1,1,2,3,4,2,4,3,2,2,3,4,3
341,5,5,2,4,2,2,4,4,4,2,1,1,1,1,2,1,1,1,1,1,1,1,1,1,2,2,1,1,2,2,2,1,2,2,2,2,2,1,2
342,3,3,2,5,5,4,4,4,4,4,1,1,1,1,1,1,1,1,1,1,1,1,2,3,6,3,4,4,3,3,3,3,3,3,3,3,2,3,3
343,2,2,2,4,2,2,4,4,4,4,2,2,2,1,2,1,1,1,1,1,1,1,2,2,1,4,2,1,2,4,3,2,2,3,2,2,3,4,4
344,2,3,2,3,3,2,3,4,4,2,1,2,1,1,1,2,1,1,1,1,1,1,1,1,2,4,1,1,3,3,3,2,1,2,4,1,2,2,4
345,7,7,7,7,7,7,7,7,4,7,3,3,2,2,2,2,1,1,2,1,1,2,1,1,1,6,3,2,5,5,1,1,5,6,4,2,2,7,7
346,6,3,2,7,7,2,6,7,1,6,2,2,1,1,3,2,1,1,2,1,1,2,2,2,7,3,1,3,2,6,2,2,3,2,2,2,6,2,6
347,7,7,3,5,6,4,5,3,4,3,3,3,1,2,4,4,2,2,3,1,2,2,5,5,5,6,2,6,3,5,3,2,3,2,4,4,3,1,4
348,7,5,4,5,7,6,6,5,7,4,2,2,2,2,3,1,2,2,1,2,2,1,4,5,2,2,2,4,4,2,2,3,4,2,4,5,2,2,1
349,6,6,3,4,7,6,7,5,6,4,3,2,1,1,3,1,1,1,1,1,1,1,3,5,7,4,2,2,5,5,3,3,4,2,2,3,3,2,4
350,7,7,4,5,6,6,5,4,6,4,2,2,1,2,3,2,1,1,1,2,1,1,2,2,6,4,3,3,3,3,2,2,2,2,2,3,2,3,5
351,2,2,4,3,3,3,3,5,4,5,2,1,1,1,1,1,1,1,1,1,1,1,1,2,2,4,3,3,2,4,2,2,2,2,2,2,2,4,4
352,6,6,5,6,6,4,6,4,4,5,3,3,3,1,3,1,1,1,2,1,1,1,3,3,6,4,3,2,3,4,4,3,4,3,3,3,3,3,5
353,3,3,2,5,5,3,4,5,5,5,1,1,1,1,2,1,1,1,1,1,1,1,3,3,6,3,2,3,3,5,2,3,3,3,3,3,3,2,3
354,5,5,2,3,5,3,5,5,2,3,2,2,1,2,2,1,1,1,3,2,1,1,3,3,4,3,2,4,3,3,2,2,3,3,3,3,3,3,3
355,5,6,3,5,5,7,6,4,4,3,2,2,1,1,2,1,1,1,1,1,1,1,2,2,5,3,2,2,2,2,2,2,2,2,4,2,2,2,3
356,6,7,7,7,7,6,6,6,4,6,3,3,1,1,3,2,1,1,2,1,1,1,4,4,2,4,1,5,5,6,2,2,4,4,4,6,3,4,6
357,7,6,5,5,6,3,6,7,6,7,2,2,1,1,2,2,1,1,1,1,1,1,3,6,5,3,3,5,2,3,3,2,2,3,5,2,3,2,3
358,3,2,2,5,3,3,4,4,3,4,2,2,1,1,2,1,1,1,1,1,1,1,3,1,1,2,1,1,1,2,2,2,2,2,1,2,2,2,4
359,6,6,4,3,3,1,3,3,3,2,2,2,2,2,2,2,1,2,1,1,1,1,2,2,6,6,4,4,3,5,4,3,3,3,3,3,2,2,5
360,7,7,5,6,5,3,3,5,6,5,2,1,1,2,2,2,1,1,2,1,1,2,2,2,3,2,2,2,2,3,2,2,2,2,2,2,2,2,4
361,7,6,5,7,7,3,6,7,7,6,3,2,1,1,2,1,1,1,2,1,1,1,2,2,6,4,4,4,2,4,4,2,2,3,4,2,2,2,4
362,3,2,3,3,2,1,2,5,3,2,2,2,1,2,2,1,2,2,2,2,2,2,3,3,2,2,2,2,4,2,3,2,2,2,4,2,3,2,3
363,7,7,7,7,7,7,7,7,7,7,2,2,2,1,4,1,1,1,3,1,1,1,6,7,7,4,4,6,7,4,1,4,4,4,2,4,6,4,7
364,2,4,4,3,5,4,4,4,4,4,1,1,1,1,2,2,1,1,1,1,1,1,2,5,6,2,6,5,2,2,2,2,2,2,4,2,2,2,2
365,6,4,4,6,5,3,3,4,4,6,2,2,1,1,2,1,1,1,1,1,1,1,2,2,4,3,1,1,2,3,2,2,2,2,2,2,2,2,4
366,6,6,5,5,7,6,6,5,6,4,2,2,1,1,2,2,1,2,1,1,2,1,2,2,2,5,2,1,3,6,3,3,3,1,2,3,2,1,5
367,3,5,3,2,5,3,5,5,5,5,3,2,2,1,2,2,1,2,2,1,2,2,3,5,5,5,3,5,3,5,3,3,5,3,3,3,3,3,5
368,6,4,4,5,6,5,4,5,5,5,3,3,2,1,3,1,1,1,2,1,1,1,4,5,7,6,2,4,6,7,2,4,4,4,4,2,4,3,7
369,5,6,3,2,6,2,3,4,4,3,2,1,2,2,2,1,1,1,1,2,1,1,2,2,5,4,1,2,2,2,3,3,3,2,2,2,2,2,3
370,5,5,4,4,4,3,5,4,4,4,1,1,1,1,2,1,1,1,1,1,1,1,1,1,3,3,1,1,1,3,2,2,2,2,1,1,2,2,3
371,6,6,1,5,5,3,4,3,5,4,2,2,1,2,2,1,1,1,1,1,1,1,2,2,2,4,1,5,3,3,4,2,3,3,4,2,4,4,4
372,6,6,5,7,6,5,5,7,6,6,1,2,1,1,2,1,1,1,1,1,1,1,3,2,3,4,2,3,3,3,3,3,3,2,4,3,3,3,4
373,1,1,1,3,3,1,1,2,4,2,2,1,1,1,1,1,1,1,1,1,1,1,3,3,7,7,3,2,4,4,3,2,3,3,6,2,3,2,4
374,1,2,1,7,5,2,3,2,5,1,1,1,1,1,1,1,1,1,1,1,1,1,1,1,2,2,1,1,2,5,4,2,2,1,1,1,3,2,4
375,7,7,1,7,7,7,7,6,5,5,2,2,1,1,2,2,1,1,2,1,1,1,3,7,6,5,3,6,6,6,2,4,6,3,4,4,4,4,6
376,6,6,4,4,5,5,5,4,5,5,2,2,1,1,2,1,1,1,1,1,1,2,2,2,4,4,2,2,2,3,4,2,2,2,2,2,2,4,5
377,3,3,5,6,6,4,5,5,4,5,2,2,1,1,2,2,1,1,2,2,1,1,1,1,4,2,1,1,2,2,2,2,2,2,3,7,2,2,2
378,7,5,6,5,7,6,7,5,4,2,1,1,1,1,2,2,1,1,1,1,1,2,1,3,5,4,2,2,4,3,4,2,2,2,6,2,2,3,5
379,3,6,6,5,5,5,6,5,4,6,1,1,1,1,2,2,1,1,2,1,2,2,1,2,2,3,2,5,1,2,2,1,1,2,2,2,2,1,3
380,7,6,6,7,7,7,7,7,6,7,3,3,1,2,2,3,1,1,1,2,1,1,3,3,2,5,2,3,3,5,3,3,3,5,5,3,3,4,5
381,7,7,6,5,7,7,7,7,6,7,2,2,2,1,2,2,2,1,2,1,2,1,2,2,2,4,2,2,2,2,2,2,2,2,4,2,2,2,3
382,4,1,1,4,6,6,4,5,4,2,1,1,1,1,3,1,1,1,1,1,1,1,1,1,6,1,2,1,1,1,1,1,1,1,2,1,2,1,1
383,5,6,4,1,7,3,7,7,7,7,2,2,1,2,2,1,1,1,1,1,1,1,1,1,1,1,1,1,1,2,1,1,1,1,1,7,1,1,4
384,6,6,4,6,7,4,6,6,6,4,3,2,2,1,2,1,1,1,1,1,1,2,2,5,5,4,1,1,1,3,3,3,3,1,1,1,7,1,1
385,5,5,5,5,5,3,5,2,3,2,2,2,2,2,2,2,1,2,2,2,1,2,4,5,4,4,4,4,4,4,4,2,3,5,3,4,3,6,5
386,5,2,3,4,5,2,6,4,5,5,2,2,1,1,2,1,1,1,1,1,1,1,2,6,1,4,1,5,6,6,2,3,5,2,4,2,3,2,6
387,6,1,5,5,6,3,7,6,6,6,3,2,1,1,2,2,1,1,1,1,1,1,2,2,6,5,4,3,3,5,3,2,3,3,3,2,4,3,5
388,5,5,3,6,5,3,5,4,4,3,3,3,2,1,2,2,1,2,2,1,1,1,3,4,5,6,3,4,3,5,4,3,4,3,5,3,3,3,4
389,5,4,4,5,5,3,5,4,5,4,1,2,1,1,1,1,1,1,1,1,1,1,2,2,2,5,3,1,2,3,3,2,2,3,4,2,2,2,4
390,7,6,2,6,6,4,5,5,4,5,3,3,3,3,2,1,1,3,3,2,2,1,3,3,5,5,3,3,3,4,3,3,3,3,5,3,3,3,5
391,7,7,2,6,6,4,6,6,6,5,2,1,1,1,2,2,1,1,1,1,1,1,2,2,6,5,2,2,2,4,3,2,3,2,4,2,2,4,5
392,5,4,4,5,4,6,5,4,4,5,1,1,1,1,2,1,1,1,1,1,1,1,3,3,5,4,5,5,3,3,3,3,3,2,5,2,3,2,3
393,5,3,3,4,5,3,4,5,4,5,2,2,2,2,2,4,1,2,2,1,1,1,4,5,3,6,3,6,5,6,3,5,5,4,5,5,4,5,6
394,7,6,3,5,5,6,5,5,5,3,2,2,1,1,2,2,1,1,2,1,1,1,2,4,2,3,4,4,5,3,5,3,4,4,4,5,4,3,6
395,2,2,5,5,5,5,4,5,5,6,2,1,2,1,1,1,2,1,1,1,1,1,2,2,5,3,2,2,2,2,2,3,3,3,4,2,3,3,5
396,3,2,2,4,3,2,4,4,3,2,2,1,1,1,1,2,1,1,1,1,1,1,1,1,1,4,1,1,2,2,3,1,1,1,1,1,1,1,4
397,3,5,3,5,5,4,5,5,5,5,1,1,1,1,2,1,1,1,1,1,1,1,2,3,6,2,3,3,2,2,2,2,2,5,2,2,2,2,2
398,6,5,4,5,5,3,4,4,4,2,2,4,1,1,1,1,1,1,1,1,1,1,4,4,6,6,2,5,7,7,3,3,6,3,4,6,4,4,6
399,5,3,2,5,6,6,6,3,2,6,2,2,2,2,2,1,2,2,2,2,2,2,3,3,2,3,2,4,2,2,2,3,2,2,3,3,3,2,4
400,4,5,5,3,5,5,6,4,3,3,2,2,2,2,2,4,1,2,1,1,1,1,1,1,3,3,2,2,2,5,2,2,2,2,2,2,2,2,5
401,6,6,2,6,6,5,6,4,4,4,1,1,1,2,2,1,1,2,1,1,1,1,2,5,7,4,3,2,2,2,4,2,3,2,1,1,2,1,3
402,1,1,1,2,4,3,4,2,2,2,2,1,1,1,1,1,1,1,1,1,1,1,1,1,2,2,1,1,1,2,1,1,1,1,2,1,1,1,2
403,7,6,5,6,7,4,6,7,7,5,2,2,1,1,3,2,1,1,2,2,1,2,3,5,3,4,1,5,5,6,2,2,3,2,1,3,2,3,6
404,6,3,5,7,6,6,6,6,6,6,1,1,2,2,2,1,1,2,1,1,1,1,1,1,6,3,2,1,2,3,3,2,1,2,3,2,2,1,5
405,6,5,3,5,5,3,3,5,6,5,2,2,2,2,2,1,1,1,1,1,1,1,2,2,2,2,1,1,2,2,2,2,2,2,4,3,3,2,4
406,7,7,6,7,7,7,7,6,7,7,5,5,2,2,4,5,1,2,5,1,2,1,6,2,5,6,6,6,5,5,2,4,5,6,4,5,3,6,5
407,5,5,3,6,5,3,3,3,3,4,2,2,2,2,2,3,1,2,2,1,2,2,1,1,1,2,1,2,2,2,2,2,1,2,2,2,3,1,2
408,4,7,4,4,7,5,7,4,3,4,2,3,1,1,2,1,1,1,1,1,1,1,1,1,5,4,1,1,2,4,3,2,2,2,2,2,2,2,4
409,2,2,2,4,2,2,2,2,4,1,2,1,1,1,1,1,1,1,1,1,1,1,1,1,2,4,1,1,2,2,2,2,2,1,2,2,2,4,2
410,7,7,7,7,7,7,7,7,7,7,4,4,4,4,4,4,3,3,4,3,3,4,3,5,2,3,2,2,3,3,4,3,3,3,4,3,3,3,5
411,5,2,2,5,5,3,5,6,6,5,2,2,1,1,2,2,1,1,2,1,1,1,1,1,6,2,3,3,2,2,2,3,2,2,2,2,2,2,3
412,6,4,4,5,5,2,5,4,4,5,4,3,1,2,2,1,2,2,2,1,2,2,4,5,7,4,4,5,5,5,7,4,4,5,6,4,6,4,4
413,4,5,3,5,5,5,5,5,5,5,1,1,1,1,2,2,1,1,1,1,1,1,2,2,2,2,2,6,2,3,2,2,2,2,2,2,2,2,3
414,6,4,5,6,6,6,6,5,4,5,2,1,1,1,2,1,1,1,1,1,1,1,2,2,3,3,3,2,3,3,2,2,2,2,2,2,2,2,3
415,4,5,5,5,4,3,4,4,3,4,1,1,1,1,2,1,1,1,1,1,1,1,1,1,1,2,1,1,1,2,1,1,1,1,1,1,1,1,2
416,7,6,4,6,7,7,7,7,7,5,4,3,4,4,4,2,3,3,3,2,2,2,6,6,1,7,2,5,7,4,1,6,7,1,4,7,6,6,7
417,3,2,2,3,3,3,3,4,4,3,2,1,1,1,2,2,1,1,1,1,1,1,2,3,2,2,2,2,2,3,2,2,3,2,2,2,3,2,4
418,1,1,2,6,5,6,6,3,3,5,1,1,1,1,1,1,1,1,1,1,1,1,1,1,1,2,1,1,1,1,1,1,1,1,1,1,1,1,2
419,7,7,5,7,7,5,6,7,5,3,2,2,1,2,3,2,1,2,1,1,1,2,3,6,2,4,1,5,5,5,2,2,3,3,2,5,4,4,5
420,4,5,3,4,5,2,4,2,4,2,2,2,1,1,1,1,1,1,1,1,1,1,2,3,3,4,4,3,3,3,3,2,2,2,4,2,3,2,3
421,7,2,2,5,5,2,4,6,3,6,2,2,1,1,2,2,1,1,1,1,1,1,5,5,6,6,2,6,6,6,2,3,5,2,2,3,5,2,6
422,7,7,7,7,7,7,7,7,7,5,3,3,2,2,2,2,2,2,2,2,2,2,3,2,1,3,1,4,4,4,4,3,3,2,4,3,4,3,5
423,3,3,2,4,5,5,5,2,4,2,3,3,1,1,2,4,1,1,3,1,1,1,2,2,4,5,2,5,5,6,3,3,4,5,5,4,3,5,6
424,6,6,3,6,6,6,6,7,7,6,2,2,1,1,2,1,1,1,1,1,1,1,2,2,5,3,2,2,2,2,3,2,2,2,2,2,2,2,2
425,3,5,4,5,5,5,4,3,5,3,2,1,1,1,1,1,1,1,1,1,1,1,3,6,5,4,2,5,4,3,4,3,4,4,4,5,4,3,5
426,4,5,5,4,5,3,5,4,4,4,2,2,1,1,3,1,1,4,1,3,1,4,2,3,3,5,5,3,3,4,3,4,4,5,3,3,3,5,4
427,6,6,5,7,7,7,7,7,7,3,2,1,1,1,2,1,1,1,1,1,1,1,3,3,7,5,5,3,3,5,3,3,3,3,2,3,3,2,5
428,3,3,2,5,5,2,3,4,6,5,1,1,1,1,2,2,1,1,1,1,2,1,2,2,2,5,3,2,3,2,3,2,2,2,3,2,2,2,6
429,6,6,5,6,6,4,5,5,6,6,2,2,1,2,2,1,1,1,1,1,1,1,2,2,5,5,3,2,3,2,2,2,2,2,4,2,2,2,3
430,7,7,5,6,7,6,7,5,6,5,2,1,2,1,4,1,1,1,1,1,1,1,2,2,2,2,2,1,1,2,2,1,1,2,1,1,2,1,2
431,5,6,1,5,7,6,6,6,4,4,1,1,1,1,1,1,1,1,1,1,1,1,2,2,6,4,2,1,3,3,4,4,3,3,2,2,2,2,4
432,5,5,5,4,5,3,4,5,4,5,2,2,1,1,2,1,1,1,2,1,1,1,2,3,5,3,2,2,3,5,2,2,4,4,2,2,2,3,4
433,4,6,4,4,7,4,6,3,4,1,2,1,1,1,2,1,1,2,1,1,1,2,3,5,5,4,3,4,4,3,3,3,4,2,3,3,3,3,4
434,6,6,3,7,7,6,6,6,7,6,2,3,1,2,2,1,1,1,1,1,2,1,1,2,6,2,1,1,1,2,1,1,1,1,1,1,1,1,1
435,5,5,1,5,5,3,5,4,6,2,2,1,2,1,2,1,1,1,2,1,1,1,1,1,2,3,2,1,1,1,2,1,2,1,2,1,1,1,3
436,5,3,2,4,6,3,3,5,4,4,3,3,3,2,2,1,1,1,2,2,2,2,3,5,5,5,3,5,4,5,3,3,3,3,1,4,3,3,5
437,5,7,5,6,5,5,5,3,3,2,1,2,1,1,2,1,1,1,2,1,1,1,2,3,2,3,3,2,2,3,2,2,2,2,2,2,2,2,3
438,7,7,4,7,6,4,7,3,5,5,2,2,1,1,1,2,1,1,1,1,1,1,2,1,5,4,2,2,2,5,3,4,5,3,3,2,4,5,6
439,6,7,4,6,5,6,5,4,5,5,3,2,1,2,4,1,1,1,1,2,1,1,2,7,7,1,7,7,7,7,6,4,6,5,2,5,3,5,7
440,6,6,4,6,6,1,4,4,4,4,1,1,1,1,1,1,1,1,1,1,1,1,2,2,5,2,2,1,2,2,3,2,2,2,4,2,2,2,3
441,5,6,5,6,6,5,5,5,5,5,1,1,1,1,1,1,1,1,1,1,1,1,2,2,6,3,2,2,2,2,2,2,2,2,2,2,2,1,2
442,7,6,5,5,6,5,6,5,5,5,2,2,1,1,2,1,1,1,1,1,1,1,2,2,6,4,2,2,3,3,2,2,4,4,5,4,3,4,6
443,6,4,3,6,5,1,3,4,5,2,2,1,1,1,2,1,1,1,1,1,1,1,2,5,4,4,1,5,3,5,2,2,2,2,1,2,2,2,5
444,6,5,3,5,6,2,5,7,6,6,3,3,3,2,2,3,3,2,3,2,3,2,6,6,6,6,5,7,6,6,2,6,6,6,2,7,5,6,7
445,7,3,2,5,6,3,6,5,6,5,2,2,2,2,3,3,1,2,2,1,2,1,3,3,3,6,5,3,5,5,3,3,4,3,4,3,5,5,6
446,1,1,2,2,2,2,2,4,5,2,1,1,1,1,2,1,1,1,1,1,1,1,2,4,5,5,2,2,3,5,2,2,3,1,2,2,2,2,6
447,4,2,4,5,4,3,5,4,3,3,2,1,1,1,2,1,1,1,1,1,1,1,3,4,6,4,3,3,2,5,3,1,2,3,4,2,4,3,4
448,3,5,5,5,5,5,5,4,4,6,3,3,1,1,2,3,1,1,2,2,1,2,2,2,4,5,2,3,3,3,3,2,2,2,3,3,3,2,4
449,6,6,6,6,7,3,7,4,3,5,4,4,3,3,5,5,1,2,4,4,4,2,4,5,6,2,6,6,4,3,4,3,3,5,4,4,3,6,4
450,2,2,2,5,5,2,5,6,5,5,2,2,2,2,2,2,1,2,1,1,2,2,1,2,3,2,1,1,2,1,2,2,2,2,2,2,2,2,4
451,7,5,4,6,7,5,6,5,6,4,3,4,2,4,4,4,1,4,1,4,2,1,1,2,6,2,5,1,1,1,1,1,2,2,2,2,2,2,3
452,7,6,2,3,4,6,6,6,6,3,2,2,1,1,2,1,1,1,1,1,1,1,2,2,5,5,5,4,3,5,4,2,2,5,3,3,3,4,6
453,2,6,1,2,5,2,2,2,4,1,1,2,1,1,3,1,1,1,1,1,1,1,1,1,3,4,2,1,2,2,2,1,1,1,2,1,2,1,3
454,4,4,3,5,6,6,6,6,6,6,2,2,1,1,2,1,1,1,2,1,1,1,3,5,5,5,4,5,4,5,4,4,4,4,3,3,4,3,5
455,6,5,6,5,5,7,6,6,6,5,3,2,1,2,2,1,1,2,1,1,1,1,5,6,2,5,4,5,5,5,2,3,5,1,2,3,3,3,3
456,6,7,5,7,7,7,7,7,4,4,1,2,1,1,1,1,1,1,1,1,1,1,2,2,5,4,3,2,2,4,4,1,2,4,2,2,4,4,4
457,5,6,4,5,6,5,5,5,5,6,3,2,1,2,2,5,1,1,1,2,1,1,3,5,5,2,5,2,5,2,2,2,6,5,2,4,2,5,5
458,6,6,4,4,5,6,6,5,6,5,1,1,1,1,2,1,1,1,1,1,1,1,2,2,2,5,2,1,2,2,2,2,2,2,4,2,2,2,3
459,6,5,5,3,6,5,6,2,7,5,4,2,1,1,4,5,2,1,4,1,1,1,3,4,6,6,6,5,4,3,4,2,4,7,2,4,2,6,3
460,5,6,6,5,5,6,6,6,5,6,2,2,1,1,1,2,1,1,2,1,1,1,2,5,6,4,4,3,4,4,3,2,4,4,4,3,4,4,4
461,3,5,1,3,3,2,2,4,4,2,1,1,1,1,2,1,1,1,1,2,2,1,2,2,4,3,3,2,2,3,2,2,2,3,4,2,2,2,2
462,6,6,2,4,3,5,6,4,6,4,1,1,1,1,2,1,1,1,1,1,1,1,2,2,5,3,2,2,2,4,4,2,2,3,1,1,1,2,4
463,6,5,2,2,3,2,3,3,4,3,1,1,1,1,1,1,1,1,1,1,1,1,1,1,3,5,1,1,1,1,1,1,1,1,1,1,1,1,3
464,2,2,2,2,2,2,3,2,2,2,1,1,1,1,2,1,1,1,1,1,1,1,1,1,2,2,2,1,1,1,1,1,1,1,2,1,1,2,2
465,6,3,2,2,2,3,3,5,4,5,2,2,2,2,2,2,1,1,2,1,1,1,2,2,3,4,2,3,2,3,2,3,3,3,2,2,3,2,4
466,7,7,3,6,6,5,5,5,5,4,5,5,4,3,4,5,4,4,5,3,4,1,4,5,7,4,5,5,5,6,3,2,5,6,2,4,3,4,6
467,7,7,5,3,7,7,7,6,6,4,2,2,1,1,3,1,1,1,1,1,1,1,3,5,5,5,4,5,3,6,3,3,3,3,2,3,2,4,6
468,4,5,3,4,5,3,5,3,5,3,2,2,1,1,2,1,1,1,1,1,1,1,1,1,2,3,2,1,2,1,1,1,1,2,2,1,2,2,2
469,3,3,5,3,3,5,4,5,3,3,1,2,3,2,2,2,1,1,1,2,2,2,2,2,5,3,2,2,2,5,4,2,2,3,2,2,2,2,2
470,4,3,4,5,5,3,4,5,4,5,1,1,1,1,1,1,1,1,1,1,1,1,2,2,2,3,2,1,2,3,2,1,2,2,2,2,3,2,3
471,5,6,4,6,6,5,5,6,5,5,3,3,1,1,1,2,1,1,1,2,1,1,4,3,4,6,2,5,6,6,3,3,6,3,2,5,4,5,6
472,7,6,5,7,7,6,6,2,5,5,1,2,2,1,2,3,1,1,2,1,1,2,2,2,2,2,1,3,2,2,1,2,2,2,2,2,2,2,2
473,5,5,2,4,6,6,6,4,6,4,1,2,1,1,3,1,1,1,2,1,2,1,1,2,6,4,1,5,2,4,5,2,2,1,3,2,1,1,7
474,6,5,3,3,6,6,5,4,4,2,1,1,1,2,2,1,1,1,1,1,1,1,3,5,6,4,3,5,4,4,3,3,3,3,3,3,3,3,4
475,3,3,4,3,4,5,5,4,4,4,1,1,1,1,1,1,1,1,1,1,1,1,1,1,4,1,2,1,1,2,1,1,1,1,2,1,1,1,2
476,7,6,6,7,7,4,7,6,4,6,3,3,1,1,3,1,1,1,1,1,1,1,3,5,2,3,1,4,3,3,4,3,3,2,4,3,3,2,3
477,5,5,1,5,7,6,6,4,3,1,1,1,1,1,2,1,1,1,2,1,1,1,1,1,7,4,5,1,2,3,3,2,2,3,1,2,2,4,5
478,7,7,3,7,7,7,7,7,7,7,2,3,1,1,2,1,1,2,1,1,2,2,6,6,7,4,5,7,6,6,6,4,5,7,7,6,6,3,7
479,4,2,2,5,5,2,4,5,6,4,1,2,1,1,2,1,1,1,1,1,1,1,2,1,4,4,2,2,2,3,3,2,2,4,4,2,4,4,4
480,7,3,4,6,6,5,5,4,4,4,2,1,1,1,2,1,1,1,1,1,1,1,2,2,2,5,2,2,3,3,3,3,3,3,2,2,2,4,5
481,6,2,6,5,6,5,6,4,4,2,2,3,1,1,2,1,1,1,1,1,1,1,2,5,6,5,3,5,6,5,3,3,5,3,6,5,3,4,5
482,3,4,2,4,2,1,2,4,4,5,2,2,1,1,2,1,1,1,1,1,1,1,2,2,4,4,2,1,4,6,2,2,2,3,4,2,3,2,4
483,6,6,6,5,6,6,6,4,3,6,2,4,1,2,2,1,1,1,1,1,1,2,2,5,7,4,5,5,4,4,4,2,3,3,2,2,2,2,3
484,6,5,3,2,6,3,6,4,4,2,3,4,2,3,2,4,2,2,3,2,2,1,3,6,1,5,5,6,6,6,2,2,2,2,3,6,2,2,6
485,6,3,1,3,6,2,3,2,3,1,1,1,1,1,2,1,1,1,1,1,1,1,1,1,1,1,1,1,1,1,1,1,1,1,1,1,1,1,3
486,6,5,4,5,4,5,3,5,5,5,3,3,1,1,2,1,1,1,1,1,1,1,4,6,5,5,4,4,5,4,5,4,4,4,5,5,4,4,5
487,3,2,3,2,5,1,3,2,2,2,2,2,1,2,2,1,1,1,1,1,1,1,2,2,5,3,5,3,3,2,3,2,3,1,1,2,2,2,3
488,3,6,3,5,5,5,5,6,4,4,2,2,1,1,2,1,1,1,1,1,1,1,1,2,6,3,5,3,1,2,3,2,2,2,3,2,2,2,4
489,5,3,3,5,5,1,5,6,5,3,2,2,2,1,2,1,1,1,1,1,1,1,1,1,5,4,5,2,3,4,3,1,2,5,4,1,1,3,4
490,1,2,2,6,5,2,3,4,4,4,2,2,1,1,4,1,1,1,1,1,1,1,2,2,6,5,3,2,2,4,3,2,1,2,3,2,2,2,5
491,3,4,3,6,6,5,5,6,4,5,2,2,2,2,2,1,2,2,2,1,2,1,2,2,2,3,1,1,2,2,2,2,2,2,2,2,2,2,5
492,1,3,5,6,6,2,7,5,5,2,3,4,2,3,4,5,1,2,3,2,1,2,6,1,6,6,5,7,7,7,6,6,7,6,1,6,7,7,7
493,1,1,7,1,1,1,1,7,1,7,1,1,1,1,1,1,1,1,1,1,1,1,1,7,7,1,7,7,1,1,1,1,1,1,7,1,1,1,1
494,2,2,2,4,5,5,3,4,4,4,1,2,1,1,1,1,1,1,1,1,1,1,2,2,6,2,2,2,2,2,2,2,2,2,4,2,2,2,2
495,7,7,2,6,7,7,7,7,6,5,2,1,1,2,2,3,1,1,2,1,1,2,7,3,4,3,2,3,3,2,1,2,2,3,2,2,2,2,3
496,6,7,5,5,6,5,5,5,7,5,2,2,1,2,3,1,1,1,1,1,1,1,2,3,6,5,3,2,2,3,2,2,3,3,2,2,2,2,3
497,2,2,4,7,6,5,5,5,4,5,2,2,1,1,2,2,1,1,1,1,1,1,2,2,6,3,6,2,2,2,2,2,3,4,4,3,4,4,3
498,4,6,3,5,3,5,4,7,5,3,1,1,1,1,2,1,1,1,1,1,1,1,1,3,5,5,3,3,2,3,2,1,1,2,2,3,1,1,3
499,5,6,5,3,5,6,4,5,4,3,2,2,1,1,1,1,1,1,1,1,1,1,2,2,5,3,4,2,2,2,2,2,2,2,5,6,3,2,3
500,7,7,7,7,6,5,5,5,5,5,2,2,2,2,2,2,1,2,1,1,1,1,3,5,4,5,4,5,5,5,3,2,2,3,3,3,2,3,5
501,6,6,3,4,7,6,6,5,5,3,2,2,1,1,2,1,1,1,2,1,1,1,2,5,6,2,6,6,3,3,2,2,3,3,2,2,2,2,3
502,6,5,3,5,6,6,6,5,6,6,2,2,1,1,2,1,1,1,1,1,1,1,2,4,7,4,3,4,3,2,3,2,3,4,4,3,2,4,3
503,3,5,3,2,3,3,3,3,4,1,2,2,2,1,1,1,1,1,1,1,1,1,2,1,1,1,2,1,2,1,2,3,2,1,3,2,2,1,5
504,6,7,6,6,7,7,7,6,4,3,3,3,2,2,3,4,1,2,2,2,1,1,5,7,7,6,7,7,7,7,4,4,6,7,7,6,4,5,7
505,2,2,4,5,5,5,5,4,4,4,2,1,1,1,2,1,1,1,1,1,1,1,2,2,5,5,4,2,4,6,4,3,3,3,4,3,3,4,5
506,5,6,4,3,5,5,4,5,2,3,2,1,1,2,1,2,1,1,2,1,1,1,2,1,6,4,3,2,2,2,3,2,2,3,3,1,2,2,4
507,4,5,4,4,4,1,4,5,4,4,3,3,2,2,4,3,1,2,4,2,1,2,5,7,7,4,3,5,6,4,4,4,7,5,5,6,4,6,4
508,5,5,4,5,6,3,5,4,3,3,1,1,1,1,2,1,1,1,1,1,1,1,1,2,2,6,4,1,1,2,2,1,2,4,4,2,2,1,4
509,6,2,5,7,7,3,6,7,6,6,4,4,2,1,2,2,1,1,2,1,1,1,6,6,5,7,4,1,6,7,2,6,7,2,4,5,6,4,7
510,1,1,1,6,1,1,1,1,1,1,1,1,1,1,1,1,1,1,1,1,1,1,1,1,1,1,1,1,1,1,1,1,1,1,1,1,1,1,1
511,5,5,5,6,6,3,5,4,4,5,3,2,1,3,2,4,1,2,2,1,2,2,2,5,3,5,6,5,3,5,3,3,5,6,4,3,1,5,6
512,6,6,5,3,6,6,6,4,4,4,5,5,2,4,5,4,1,5,1,4,1,2,2,6,6,3,2,3,3,3,3,1,3,3,2,4,2,3,3
513,2,5,2,5,2,2,2,5,5,3,1,1,1,1,1,1,1,1,1,1,1,1,1,1,3,4,3,1,2,5,3,1,2,3,1,1,2,1,5
514,7,5,5,6,6,3,6,6,7,5,2,1,2,2,2,1,1,2,1,1,1,1,2,2,4,5,6,2,3,3,3,3,3,3,3,3,3,3,3
515,6,6,3,5,7,6,7,4,3,1,2,2,1,2,4,1,1,1,2,2,1,1,1,2,1,5,1,1,2,2,2,2,4,2,4,2,2,2,7
516,6,6,2,6,6,6,6,4,4,4,2,1,2,2,2,1,1,1,1,1,1,1,3,5,5,4,4,4,5,4,4,3,5,4,4,4,4,4,4
517,6,6,5,5,6,6,5,6,5,4,2,2,2,1,2,1,1,1,2,2,1,1,2,3,6,4,5,2,3,4,3,2,3,2,2,3,4,5,4
518,5,2,5,4,4,4,5,3,4,3,1,1,1,1,1,1,1,1,1,1,1,1,2,3,5,2,1,1,1,1,1,1,1,1,2,1,1,1,5
519,5,5,2,2,2,3,2,2,6,2,2,2,1,1,2,1,1,1,1,1,1,1,2,3,3,5,5,4,4,5,3,3,2,2,2,2,2,2,5
520,6,6,6,6,6,6,6,5,4,3,2,1,1,1,4,1,1,1,1,1,1,1,2,5,7,5,3,6,5,6,3,2,4,6,5,5,3,3,5
521,1,1,1,2,2,1,2,2,2,3,1,2,1,1,2,1,1,1,1,1,1,1,1,2,6,3,2,1,2,3,4,3,2,2,5,2,2,1,3
522,5,3,2,5,7,5,6,4,6,5,2,2,1,1,2,1,1,1,1,1,1,1,2,2,6,3,4,5,2,2,3,2,2,2,4,2,2,2,3
523,7,6,5,7,7,6,6,6,6,5,2,1,2,2,2,2,1,1,1,1,1,1,4,4,4,3,3,2,2,2,2,2,2,2,2,2,2,2,4
524,6,6,4,7,7,7,7,4,2,2,2,2,2,2,3,1,2,2,1,1,1,2,1,1,1,4,1,1,1,1,1,1,1,1,1,1,4,1,7
525,6,6,7,7,7,6,6,5,2,6,1,1,1,1,2,2,1,1,1,1,1,1,4,6,2,4,2,6,4,6,2,2,4,2,4,6,3,2,6
526,2,5,3,5,5,2,3,5,5,5,2,2,1,1,2,2,1,1,1,1,1,1,1,2,5,3,2,3,2,2,2,2,2,2,2,3,3,2,3
527,5,4,5,6,7,5,7,6,6,5,1,1,1,1,1,1,1,1,1,1,1,1,1,1,1,2,1,1,2,2,2,2,1,1,2,1,2,1,3
528,6,2,1,1,1,1,1,2,2,2,2,2,1,1,2,2,1,1,1,1,1,1,5,5,7,6,5,5,6,6,2,4,5,5,4,5,5,5,5
529,1,5,2,2,4,1,5,1,2,2,1,1,1,1,1,2,1,1,1,1,1,1,1,1,6,4,5,2,2,2,2,1,1,2,3,2,2,1,5
530,6,1,2,5,6,2,4,2,6,4,2,1,1,1,2,1,1,1,2,1,1,1,2,2,4,3,1,1,2,2,1,1,1,1,1,2,2,2,2
531,5,1,4,5,5,1,5,5,5,5,2,2,1,2,1,2,1,1,1,1,1,1,2,2,2,2,1,1,2,2,2,2,2,2,2,2,2,2,2
532,7,7,5,4,6,3,6,4,5,4,2,2,1,1,3,4,1,1,2,1,1,1,3,6,2,4,1,1,1,3,1,2,2,2,2,1,2,4,5
533,2,2,2,3,2,1,2,4,3,5,2,2,1,1,2,1,1,1,1,1,1,1,2,1,4,2,2,2,2,2,2,2,2,2,2,2,2,2,2
534,2,5,3,4,4,2,3,5,4,4,2,1,1,1,2,1,1,1,2,1,1,1,2,2,5,3,3,3,2,2,3,3,3,3,2,2,2,2,3
535,6,6,3,6,6,5,6,6,5,4,2,2,1,2,2,1,1,2,1,1,1,3,3,3,4,3,2,2,3,3,3,3,3,2,2,2,2,2,3
536,7,7,6,5,6,6,7,4,4,3,1,1,1,1,1,1,1,1,1,1,1,1,1,1,5,3,1,1,2,2,2,1,1,2,1,2,2,2,5
537,6,5,5,7,6,5,5,2,4,1,2,4,2,2,3,1,1,1,2,1,2,2,2,3,5,4,5,2,2,5,3,3,2,2,3,2,3,2,3
538,7,2,7,7,7,7,7,1,7,7,5,5,5,5,5,5,3,5,3,4,2,2,1,1,2,2,2,2,2,2,2,2,2,2,4,2,2,2,3
539,6,6,3,3,6,5,6,4,6,5,2,2,2,2,2,2,1,2,1,2,2,1,2,1,2,4,1,1,2,3,1,3,1,2,6,1,2,1,4
540,6,6,7,6,7,6,7,7,6,5,3,2,2,4,4,2,1,2,2,2,1,1,2,3,2,6,2,2,4,6,6,4,4,5,4,4,2,4,5
541,6,2,4,5,6,3,5,6,6,4,2,2,2,2,3,2,1,2,1,1,1,2,2,2,5,5,5,2,2,2,5,2,3,3,4,2,2,2,4
542,2,2,3,3,4,3,3,3,3,3,2,2,1,1,2,1,1,1,2,1,1,1,1,1,2,4,2,2,1,5,1,1,1,1,1,1,1,1,5
543,6,6,4,4,5,4,5,3,4,5,2,1,1,1,1,2,1,1,1,1,1,1,1,2,2,3,1,2,2,3,2,2,2,2,2,2,2,2,4
544,2,2,2,2,2,3,2,5,3,5,1,1,1,1,1,1,1,1,1,1,1,1,2,3,5,3,4,4,3,3,3,3,3,3,2,3,3,3,4
545,6,6,6,6,6,2,6,6,4,5,4,4,1,1,3,2,1,1,4,1,1,1,2,6,7,6,6,5,6,6,2,2,2,2,2,3,3,4,6
546,6,3,2,2,3,2,3,5,3,3,2,2,2,1,2,1,1,2,1,1,1,1,2,2,6,2,2,4,2,2,2,3,2,2,4,2,2,2,4
547,6,6,6,7,7,4,7,6,7,5,2,2,1,1,2,1,1,1,1,1,2,2,2,2,5,3,2,1,2,2,2,2,2,2,2,2,2,3,2
548,5,5,2,4,4,6,6,6,6,4,2,2,1,1,2,1,1,1,1,1,1,1,2,5,4,5,2,4,3,5,3,2,4,4,3,3,3,2,5
549,5,5,3,6,6,5,5,4,6,3,2,1,1,1,2,2,1,1,1,1,1,1,2,2,5,4,1,1,2,2,3,2,2,2,2,1,2,2,5
550,7,7,5,5,5,2,5,5,6,5,2,2,1,1,2,1,1,1,1,1,1,1,1,1,1,2,1,1,1,3,2,2,2,2,2,1,1,1,4
551,7,7,7,6,6,5,7,7,6,6,2,2,2,1,2,1,1,2,2,2,1,2,2,2,5,3,4,4,3,2,5,2,2,2,4,5,4,2,5
552,5,5,4,5,5,4,5,5,4,5,1,1,1,1,1,1,1,1,1,1,1,1,1,2,5,3,2,1,2,2,2,1,2,1,1,1,2,1,2
553,6,7,3,4,7,4,7,5,4,4,2,1,1,1,2,1,1,1,1,1,1,1,2,3,4,2,2,1,3,4,2,2,3,2,2,1,1,1,5
554,3,3,5,6,5,2,5,4,4,6,2,2,2,1,2,2,1,1,2,1,1,1,3,3,5,3,5,5,4,3,2,2,3,2,3,3,2,2,3
555,7,7,3,6,7,5,6,7,7,7,1,1,1,1,1,1,1,1,1,1,1,1,2,2,4,4,5,3,2,2,2,4,2,2,4,1,1,1,2
556,1,1,1,4,4,2,6,4,3,5,1,1,1,1,1,1,1,1,1,1,1,2,7,2,2,5,2,2,2,5,2,2,3,2,2,2,2,2,3
557,6,7,6,6,6,5,5,4,6,3,2,2,1,2,2,2,1,1,1,1,1,1,2,5,6,4,2,2,5,5,2,2,5,2,1,4,2,2,5
558,6,5,2,5,5,2,5,4,4,3,1,2,1,1,2,1,1,1,1,1,1,2,1,1,5,2,2,1,2,2,2,1,1,1,2,1,2,1,3
559,4,6,4,3,3,5,5,4,4,3,2,1,1,1,2,1,1,1,1,1,1,1,2,5,6,4,3,3,4,4,3,2,3,3,3,3,3,1,4
560,6,5,4,5,5,5,5,5,5,5,2,2,1,1,3,1,1,2,1,1,1,2,2,1,6,2,2,2,2,2,3,1,2,2,2,2,1,2,2
561,5,5,5,6,6,5,6,5,4,3,1,1,1,1,2,2,1,1,1,1,1,1,2,5,6,3,4,2,3,3,3,2,2,3,4,2,2,2,3
562,5,5,5,5,6,4,5,6,6,5,2,2,2,1,2,1,1,1,2,1,1,1,1,1,1,2,7,2,1,4,3,3,1,1,5,1,3,1,4
563,6,6,6,6,6,6,6,6,6,6,3,2,1,2,2,1,1,1,1,1,1,1,2,3,3,4,2,4,3,4,2,2,2,2,2,2,2,2,4
564,1,1,4,5,5,5,5,5,4,5,2,1,1,1,2,1,1,1,1,1,1,1,3,3,3,3,3,3,3,6,3,3,3,3,2,3,3,3,5
565,6,6,5,5,6,5,5,4,5,4,2,2,1,1,2,1,1,1,1,1,1,1,1,1,6,2,2,2,2,2,3,2,2,3,2,2,3,2,3
566,7,2,5,2,7,4,7,2,6,2,2,2,1,1,1,1,1,1,1,1,1,1,1,1,2,3,2,2,2,2,2,2,2,2,2,2,2,4,3
567,6,5,2,7,7,2,6,6,5,5,1,1,1,2,1,1,1,1,1,1,1,1,1,1,6,2,5,1,1,1,1,1,1,1,2,1,1,1,5
568,7,7,6,6,6,7,6,4,5,4,2,2,1,2,3,2,1,2,1,1,1,1,3,3,3,6,3,3,4,6,3,2,4,3,3,3,2,3,6
569,7,7,5,7,6,3,5,6,5,4,2,3,1,2,2,2,1,1,2,1,1,1,2,2,6,4,5,2,2,4,3,2,5,3,2,5,3,2,6
570,6,5,5,6,7,3,7,5,5,4,2,1,1,2,3,3,1,1,1,1,1,1,1,1,4,3,1,4,2,5,3,2,1,2,2,2,1,3,5
571,1,1,1,2,1,1,2,1,1,1,1,1,2,1,2,1,1,1,1,1,1,1,1,1,1,2,1,1,1,1,1,2,1,1,1,1,1,1,1
572,6,7,2,6,6,3,7,6,4,6,2,2,1,1,2,2,2,2,2,2,2,1,1,1,2,3,6,2,2,2,2,2,3,2,2,2,1,1,4
573,2,2,2,5,4,2,4,6,5,4,2,1,2,2,2,2,1,1,2,1,1,1,1,2,5,2,2,2,2,2,2,2,2,2,2,2,2,2,2
574,5,5,4,4,4,5,5,5,4,4,2,2,2,2,2,2,2,2,2,2,2,2,2,2,2,2,2,2,2,2,2,2,2,2,2,2,2,2,3
575,6,5,4,5,5,3,3,2,4,2,1,1,1,1,1,1,1,1,1,1,1,1,1,1,1,1,1,1,1,2,1,1,1,1,1,1,1,1,3
576,3,6,4,5,5,5,4,4,4,3,1,1,1,1,2,1,1,1,1,1,1,1,1,1,2,2,4,1,1,1,1,1,1,1,1,1,1,1,1
577,3,5,4,5,6,5,5,5,5,4,1,1,1,1,1,1,1,1,1,1,1,1,2,5,5,6,3,4,3,5,4,2,4,4,2,3,2,2,4
578,5,6,3,4,6,5,6,3,5,5,2,2,1,1,1,2,1,1,1,1,1,1,1,3,2,3,3,2,2,2,2,2,2,2,2,2,3,2,2
579,7,7,5,7,7,7,7,5,6,5,2,2,2,2,4,2,1,1,2,1,1,1,2,2,2,3,3,2,3,3,3,2,3,3,2,2,2,2,5
580,4,5,2,2,3,2,5,5,5,4,2,2,2,1,1,1,1,1,1,1,1,1,2,2,2,2,2,2,2,2,2,2,2,2,2,2,2,2,4
581,1,4,1,3,4,1,2,5,7,1,1,2,2,2,2,2,1,1,1,1,1,2,3,5,6,5,6,5,5,6,5,4,4,5,4,3,4,4,5
582,7,6,7,7,7,7,7,7,6,7,3,3,2,2,4,1,2,2,2,2,2,3,3,3,3,2,2,5,3,5,2,3,5,5,3,5,3,5,5
583,7,7,5,7,7,3,6,7,4,5,5,4,1,4,4,5,1,3,1,1,1,5,2,1,1,2,1,1,1,1,1,1,1,1,4,5,2,2,2
584,5,3,4,2,3,2,4,2,3,1,2,2,1,1,1,4,1,1,1,2,1,1,4,5,5,6,4,4,5,4,4,1,4,4,3,5,2,4,5
585,5,5,2,3,4,5,3,2,4,3,2,1,1,1,2,1,1,1,1,1,1,1,1,3,5,2,2,1,1,2,2,1,1,2,3,2,2,1,4
586,4,3,2,4,5,1,3,2,6,2,2,2,1,1,3,1,1,1,1,1,1,1,1,4,5,5,5,4,3,3,4,2,2,5,2,2,2,2,5
587,5,3,5,6,6,5,6,5,2,5,2,2,1,2,2,2,1,1,2,1,2,1,1,3,6,5,5,4,3,5,2,2,2,5,2,2,2,2,5
588,7,4,5,7,7,5,7,6,6,6,3,3,1,1,3,1,1,1,2,1,1,2,2,1,2,2,1,1,1,2,2,2,1,2,3,1,2,1,2
589,7,4,3,3,6,3,6,5,6,3,2,2,1,2,2,5,1,2,2,2,1,1,3,4,5,3,2,3,3,5,2,2,2,2,2,1,2,2,3
590,3,1,2,2,5,2,3,5,3,6,1,2,1,1,1,1,1,1,1,1,1,1,3,4,6,2,6,5,5,2,4,2,4,4,5,3,3,4,4
591,5,5,5,6,5,5,5,5,5,5,2,2,1,1,3,3,1,2,1,1,1,1,3,6,5,4,5,5,5,4,3,3,4,4,5,4,4,4,5
592,4,5,3,5,3,3,4,3,4,3,2,1,1,1,2,2,1,1,1,1,1,1,1,1,2,2,2,2,2,2,2,2,2,2,2,2,2,2,2
593,5,5,3,6,6,3,5,3,5,5,2,2,2,2,2,1,1,2,2,1,1,1,2,2,6,5,4,3,3,5,1,3,3,2,2,2,3,2,3
594,1,2,3,2,2,1,4,1,1,2,2,2,2,1,2,1,1,1,4,1,1,1,5,5,4,5,2,4,5,5,5,3,4,4,5,4,4,2,5
595,5,5,5,5,6,3,5,5,3,7,3,3,3,3,2,2,1,2,2,2,2,2,3,4,5,4,4,4,3,3,3,3,3,3,5,3,4,4,4
596,7,7,6,7,7,7,7,6,5,6,3,4,1,1,4,1,1,1,4,1,1,1,2,5,1,3,1,6,3,2,3,2,2,2,4,4,4,4,6
597,6,6,5,7,7,5,6,6,4,2,1,1,1,1,2,1,1,1,2,1,1,1,1,1,6,1,2,1,1,1,1,1,1,1,3,1,1,1,1
598,2,1,2,6,6,2,6,4,6,6,1,1,2,1,1,4,1,1,2,1,1,1,2,2,2,2,2,2,2,2,2,2,2,2,4,2,4,2,5
599,2,5,4,3,5,3,5,3,5,3,2,2,2,2,2,1,1,1,1,1,1,1,1,1,1,5,2,1,4,5,3,2,4,2,1,2,2,2,5
600,5,3,3,5,6,3,5,5,3,4,2,2,1,1,2,1,1,1,1,1,1,1,2,2,3,3,2,2,2,2,2,2,2,2,4,2,3,3,3
601,6,2,4,5,5,1,5,5,6,6,2,2,1,1,1,1,1,1,2,2,1,2,2,3,5,2,4,3,2,3,3,2,2,3,4,2,2,2,3
602,6,6,3,3,7,7,7,5,6,3,1,1,1,2,1,2,1,1,1,1,1,2,3,5,5,5,3,5,5,7,3,4,6,6,4,6,4,6,6
603,2,2,2,3,3,1,2,4,3,2,1,1,1,1,1,1,1,1,1,1,1,1,1,1,3,3,2,1,1,1,2,1,1,1,3,1,1,1,3
604,3,4,2,4,5,6,6,3,5,5,2,1,1,2,4,1,1,1,1,1,1,2,1,2,5,4,1,1,1,3,1,1,1,1,1,1,1,1,3
605,2,2,2,2,2,2,2,2,2,2,2,1,1,1,1,1,1,1,1,1,1,1,2,2,6,2,2,2,2,2,2,2,2,2,2,2,2,2,2
606,7,6,6,7,6,6,7,7,6,7,4,4,4,4,4,5,3,4,3,3,4,2,6,7,7,6,7,6,6,6,6,3,7,6,6,6,6,6,2
607,7,5,7,7,7,4,6,7,6,4,2,2,1,1,2,1,1,1,1,1,1,1,1,1,6,3,2,1,1,2,1,1,1,3,2,1,1,2,1
608,2,3,2,4,5,2,2,5,6,1,1,1,1,1,3,1,1,1,2,1,1,1,2,2,5,3,2,1,1,2,1,1,1,1,2,1,2,1,2
609,7,6,4,6,5,3,6,2,6,6,1,1,2,2,2,1,2,1,1,1,1,1,4,6,4,2,4,4,4,4,4,3,4,5,4,3,3,6,4
610,6,7,6,5,7,3,6,6,6,3,2,2,1,2,2,3,1,1,1,1,1,1,3,5,7,3,5,6,3,3,5,2,3,4,5,3,3,2,3
611,5,3,5,6,6,6,6,5,6,5,2,2,1,1,2,1,1,1,2,1,1,1,2,1,2,2,2,2,3,3,2,2,3,2,2,6,2,2,3
612,3,3,2,3,4,4,4,2,4,2,2,2,1,1,2,1,1,1,1,1,1,1,2,3,6,4,2,3,2,3,3,2,2,3,6,2,2,2,3
613,1,1,7,3,3,1,3,5,6,5,2,1,1,1,1,2,1,1,1,1,1,1,1,1,5,2,1,1,1,2,2,1,1,2,2,1,1,1,2
614,6,6,2,3,6,6,6,2,4,3,2,2,1,1,3,1,2,1,1,2,1,2,2,3,5,5,2,3,3,3,3,2,2,2,4,3,3,2,5
615,2,2,2,3,3,2,3,2,3,2,1,2,1,1,1,1,1,1,1,1,1,1,1,1,1,1,1,1,1,1,1,1,1,1,2,1,1,1,1
616,2,2,2,7,6,2,6,7,4,7,1,1,1,1,2,1,1,1,2,1,1,2,2,2,6,4,5,2,2,3,2,2,3,2,2,2,4,2,6
617,6,7,7,3,7,6,6,6,5,3,2,2,1,1,3,2,1,1,1,1,1,1,3,6,6,4,6,3,5,2,4,4,4,2,5,4,4,2,4
618,6,6,4,5,5,5,5,3,4,3,2,2,1,1,2,1,1,1,1,1,1,1,1,2,5,3,2,2,2,2,2,2,2,2,4,2,2,2,4
619,7,6,5,5,7,5,7,6,3,4,2,2,1,1,2,2,1,1,1,1,1,1,1,1,2,4,1,1,2,5,3,1,1,1,2,1,2,2,5
620,6,6,5,4,5,3,5,5,5,5,2,2,1,1,3,3,1,1,2,1,1,1,4,6,6,6,5,6,6,5,3,3,5,3,4,5,5,4,7
621,7,7,6,6,6,4,6,5,4,5,2,2,2,2,4,1,2,2,3,2,1,2,2,3,1,4,1,2,2,4,2,2,2,2,5,2,2,3,4
622,5,6,5,3,5,3,5,3,4,4,2,1,1,1,1,1,1,1,1,1,1,1,2,2,6,2,3,2,2,2,2,1,2,3,2,2,2,2,2
623,6,6,6,6,7,6,6,6,6,6,3,4,1,2,2,3,1,1,1,1,1,1,3,4,6,5,4,2,3,3,3,3,3,3,3,3,3,3,3
624,6,7,3,5,6,5,6,6,6,3,2,2,1,1,2,1,2,1,1,1,2,1,2,2,2,4,2,3,4,5,2,4,5,3,2,5,4,4,6
625,6,5,6,7,7,6,6,7,4,5,3,2,2,3,4,1,1,1,1,1,1,2,3,5,4,4,1,2,4,4,3,2,2,4,4,3,3,4,4
626,4,3,2,4,4,3,4,4,5,3,2,1,1,1,2,1,1,1,1,1,1,1,2,2,5,3,2,2,2,2,3,2,2,3,5,2,2,3,3
627,5,2,5,6,6,3,6,7,7,5,2,2,1,2,2,2,1,1,1,1,1,2,1,1,1,2,1,1,1,3,1,1,1,3,1,1,1,3,3
628,6,1,1,2,5,6,3,3,3,1,2,1,1,1,2,1,1,1,1,1,1,1,2,1,2,2,1,1,1,2,2,1,2,1,1,1,2,1,2
629,7,2,4,6,6,3,6,4,4,4,2,2,1,2,2,1,1,1,1,1,1,1,2,2,2,4,1,1,2,4,2,2,2,2,2,2,2,2,4
630,7,6,5,6,6,4,6,5,6,5,4,4,1,2,3,4,1,1,1,2,1,2,3,3,2,6,2,5,5,5,4,3,4,6,3,3,3,5,4
631,6,6,4,3,6,1,5,4,4,2,2,1,2,2,2,1,2,1,1,1,2,2,2,2,1,2,1,2,2,5,1,1,1,1,2,1,2,1,4
632,5,2,4,6,6,3,5,5,5,2,2,2,1,1,2,1,1,1,1,1,2,1,2,1,1,2,1,1,1,2,2,1,1,1,2,1,1,1,4
633,1,1,2,6,5,3,5,4,4,5,2,2,1,1,2,2,1,1,2,1,1,1,2,2,6,5,5,1,2,2,3,2,3,3,5,2,3,1,6
634,4,3,2,3,7,7,7,6,3,2,2,2,1,2,2,1,2,1,1,1,2,1,1,1,3,2,4,1,1,2,2,1,1,3,6,7,1,1,5
635,5,4,3,4,5,4,5,5,4,4,2,2,1,2,2,1,1,1,2,1,1,1,2,2,3,4,3,7,4,2,3,4,5,2,4,5,3,4,5
636,3,5,3,3,5,5,5,5,4,4,2,1,1,1,2,2,1,1,2,1,1,1,3,3,5,3,2,2,4,4,4,3,4,4,5,3,3,4,4
637,6,6,5,3,7,1,6,4,4,6,2,1,1,1,2,1,1,1,2,1,1,1,1,1,1,1,1,1,1,1,1,1,1,1,1,1,1,1,1
638,3,3,5,5,4,2,3,4,5,3,2,1,1,1,2,1,1,1,1,1,1,1,1,1,3,2,2,1,2,2,2,2,2,2,2,2,2,2,3
639,5,2,1,2,1,1,1,1,2,1,2,1,1,1,2,1,2,1,1,1,1,1,1,2,2,2,2,2,2,2,2,1,1,1,2,2,2,2,6
640,6,6,4,4,4,5,5,4,4,4,2,1,2,2,2,1,1,2,1,1,2,1,2,5,6,4,3,1,3,3,3,2,2,3,3,3,4,2,4
641,7,7,7,7,7,7,7,7,7,7,5,4,5,5,4,5,2,3,5,5,3,2,7,7,7,7,7,7,7,4,4,5,7,7,4,6,6,6,7
642,2,3,1,2,2,2,2,4,4,4,1,1,1,1,1,1,1,1,1,1,1,1,2,2,6,4,5,4,2,4,4,2,4,4,4,2,2,4,4
643,2,2,2,2,4,3,3,4,2,2,2,1,1,1,2,1,1,1,1,1,1,1,1,1,6,2,1,1,1,1,2,1,1,6,2,1,1,1,2
644,6,6,4,5,7,6,7,5,4,3,2,3,1,2,3,1,1,1,1,1,1,1,2,2,4,3,2,4,4,4,4,3,3,3,2,3,2,1,5
645,6,3,2,2,3,2,3,3,4,2,1,1,1,1,2,1,1,1,1,1,1,2,2,5,5,4,3,3,5,5,3,3,6,3,2,3,3,3,5
646,7,7,7,7,7,7,7,7,7,7,4,5,2,2,2,5,1,1,2,3,1,1,7,7,7,7,5,7,7,7,2,7,7,2,7,7,7,7,7
647,3,3,5,5,5,3,5,7,4,5,2,2,2,1,2,1,2,1,2,1,2,1,2,4,5,4,4,2,4,5,3,3,4,3,4,3,4,4,5
648,6,3,2,5,5,3,3,5,4,4,2,2,2,1,2,1,1,2,2,1,1,2,3,5,3,5,3,5,4,3,4,2,2,3,2,5,3,3,4
649,1,2,2,2,2,5,2,2,2,1,1,1,2,2,1,2,1,1,2,1,1,1,2,2,2,4,4,4,5,3,2,3,5,2,4,3,3,2,3
650,5,6,3,7,6,5,6,4,5,4,2,2,2,2,2,1,1,1,2,1,1,2,2,5,6,3,5,4,4,5,4,4,3,3,3,3,3,4,5
651,5,5,5,6,6,4,5,6,6,6,2,2,1,1,2,2,1,1,1,1,1,1,2,2,2,4,2,2,2,2,2,2,2,2,2,2,2,2,2
652,6,5,2,5,6,5,6,4,4,3,2,1,1,1,2,1,1,1,1,1,1,1,2,3,2,6,1,4,5,2,1,1,6,1,1,2,1,1,5
653,1,1,1,3,3,1,3,5,5,5,3,1,1,2,1,2,1,1,1,1,1,1,2,4,4,4,1,4,4,1,1,3,6,2,1,6,3,1,3
654,5,6,4,3,5,3,3,4,5,5,3,3,2,3,4,3,1,1,1,1,1,1,2,2,5,3,3,2,3,3,3,2,3,3,1,2,2,3,3
655,5,6,4,6,6,4,5,5,5,5,3,3,1,1,1,1,1,1,3,1,1,1,6,5,5,5,6,6,2,3,5,3,5,3,4,4,3,6,6
656,7,7,7,7,7,7,7,7,6,3,2,2,2,2,4,3,3,3,2,1,2,1,1,1,1,2,1,1,1,1,1,1,1,1,5,1,1,1,2
657,6,2,6,7,7,4,7,7,7,6,2,3,1,1,3,3,1,1,1,1,1,1,3,5,7,6,4,6,4,2,4,3,5,2,6,3,3,1,6
658,6,6,6,6,6,6,4,4,4,5,2,2,2,2,2,2,1,1,2,1,1,1,1,1,2,2,2,1,1,1,1,1,1,1,2,1,1,1,2
659,6,6,6,6,6,6,6,6,3,5,2,2,2,2,2,1,2,2,2,2,2,1,5,6,6,4,6,6,6,6,5,5,6,6,6,6,5,5,6
660,6,2,5,7,6,4,6,4,4,7,2,2,1,1,2,2,1,1,1,1,1,2,2,2,5,4,4,2,2,4,2,2,4,2,4,2,4,1,6
661,6,6,6,6,6,6,6,6,4,4,2,2,2,2,2,1,1,1,2,1,1,1,1,5,5,7,3,5,2,5,5,3,1,1,4,5,2,4,4
662,5,5,5,3,5,5,5,5,5,3,1,1,1,1,1,2,1,1,1,1,1,1,2,3,5,6,5,4,4,3,2,2,3,2,3,2,2,2,5
663,6,6,4,6,6,4,6,5,6,6,2,1,1,1,2,1,1,1,1,1,1,1,2,5,2,2,2,2,3,2,3,1,2,1,2,2,2,2,4
664,1,1,2,4,2,1,3,2,4,2,3,2,1,1,1,1,1,1,1,1,1,1,1,1,3,3,3,3,3,4,3,2,3,2,2,2,2,2,5
665,6,3,3,4,5,3,5,5,6,4,2,2,1,1,2,1,1,1,1,1,1,1,2,2,5,3,3,3,2,3,2,2,2,2,3,2,2,2,3
666,1,1,5,7,6,5,6,6,6,6,4,3,1,1,5,2,1,1,2,2,1,1,2,5,1,3,2,5,6,6,2,2,4,2,1,5,1,2,6
667,4,5,3,4,6,2,2,4,6,4,1,2,2,1,1,1,1,1,1,1,1,1,2,2,6,2,2,2,3,2,5,2,2,2,4,2,4,4,3
668,3,3,2,6,5,2,5,4,5,5,2,2,2,2,2,1,1,1,2,2,1,1,3,2,6,2,2,2,2,2,2,3,2,2,3,3,3,2,4
669,4,4,4,4,4,2,4,4,4,4,2,2,1,1,1,1,1,1,1,1,1,1,4,7,4,6,4,5,7,7,4,3,7,2,4,6,4,4,6
670,5,5,5,4,5,2,6,4,5,4,2,1,1,1,2,2,1,1,1,1,1,1,2,1,1,4,2,1,1,3,3,2,1,1,2,2,2,2,4
671,5,4,3,4,5,3,4,4,4,3,1,2,1,1,2,1,1,1,1,1,1,1,2,2,5,4,1,1,2,2,2,1,1,1,1,1,1,1,2
672,6,6,4,7,6,5,5,7,7,7,4,1,1,2,2,5,1,1,2,1,1,1,2,5,1,6,2,2,3,6,2,3,3,6,2,2,3,6,6
673,1,2,2,5,3,2,3,2,4,3,1,1,2,1,2,1,1,1,1,1,1,1,1,1,1,1,1,1,1,2,2,3,1,1,1,1,1,1,5
674,6,5,5,6,5,3,5,4,4,5,2,2,1,1,2,1,1,1,2,1,2,1,6,7,5,6,4,6,6,6,2,4,4,2,2,7,4,3,6
675,5,4,5,5,6,3,5,4,5,3,2,2,1,1,2,1,1,2,2,2,1,1,2,1,2,2,2,2,3,2,2,4,2,6,2,2,3,2,4
676,5,6,5,4,5,5,5,2,5,3,2,1,1,1,2,1,1,1,1,1,1,1,2,2,4,4,2,1,4,4,2,2,2,4,4,2,4,3,4
677,1,2,2,2,2,2,2,3,3,2,1,1,1,1,1,1,1,1,1,1,1,1,1,2,5,2,2,1,1,2,2,1,1,2,2,1,2,2,2
678,3,3,2,4,6,5,6,6,3,2,2,2,1,2,2,1,1,1,1,1,2,1,3,4,4,5,4,3,3,3,3,3,3,1,2,2,2,1,5
679,5,2,1,1,5,4,3,1,6,2,2,2,1,1,2,2,1,2,1,1,1,1,1,2,5,4,4,3,3,3,2,2,2,2,2,3,2,2,5
680,7,7,3,7,7,6,7,5,7,5,2,2,2,2,3,2,1,1,1,1,1,1,1,1,4,2,1,1,4,3,2,2,2,2,4,2,2,2,3
681,7,7,7,7,7,2,6,7,3,7,5,5,4,4,4,5,3,4,5,4,4,3,6,7,7,4,5,5,2,3,4,6,6,6,2,6,7,6,5
682,7,7,2,7,7,5,7,7,4,5,4,4,4,4,5,5,2,3,2,2,4,3,6,6,6,6,2,6,6,6,2,6,6,2,5,6,4,6,7
683,5,4,3,5,5,2,5,5,3,5,2,1,1,1,2,1,1,1,1,1,1,1,1,1,5,3,2,1,2,2,2,1,1,2,6,1,1,2,1
684,4,2,2,5,4,2,4,5,4,6,2,2,2,1,2,1,1,1,2,1,1,1,1,1,3,4,2,2,2,2,2,2,2,2,2,2,2,2,5
685,3,7,5,6,7,7,7,7,7,5,1,1,1,1,1,1,1,1,1,1,1,1,1,2,7,5,2,1,2,3,2,2,3,2,1,2,2,1,2
686,1,2,2,2,5,2,5,4,2,2,1,1,1,1,2,1,1,1,1,1,1,1,2,1,5,2,1,1,2,4,5,2,4,2,4,2,2,2,5
687,3,5,5,5,6,5,5,5,4,4,2,2,1,1,2,1,1,1,2,1,1,1,1,2,6,2,2,1,2,2,3,1,2,2,5,2,2,2,2
688,3,3,3,4,4,1,4,3,7,3,1,1,1,1,1,4,1,1,1,1,1,1,1,1,5,2,2,1,1,1,1,1,1,4,5,1,1,1,1
689,6,7,6,6,7,3,5,4,3,5,2,2,2,2,2,2,1,1,1,1,1,1,2,3,5,2,2,5,3,5,4,3,4,1,2,3,3,1,4
690,7,6,5,5,6,6,6,5,5,3,2,2,1,2,2,2,1,2,2,1,2,1,1,1,1,6,1,1,1,2,2,2,2,2,2,2,3,1,4
691,3,2,2,4,6,2,4,6,4,4,2,1,1,1,2,1,1,1,1,1,1,1,1,1,6,4,3,1,2,2,3,2,2,2,4,2,2,2,3
692,6,5,5,5,5,5,5,4,5,5,2,2,1,1,2,2,1,1,1,1,1,1,2,4,5,3,2,2,3,4,4,3,3,3,4,2,4,3,4
693,7,6,5,5,5,5,5,4,4,4,1,2,1,1,1,1,1,1,1,1,1,1,2,2,5,2,3,4,3,2,2,2,2,2,2,2,2,2,3
694,3,2,3,6,5,2,3,4,5,4,2,2,1,1,2,1,1,1,1,1,1,1,1,1,2,2,1,1,1,1,1,2,1,1,1,1,1,1,1
695,2,1,2,3,2,3,3,4,3,5,2,2,1,1,2,2,1,1,2,2,2,1,3,4,5,3,5,5,3,4,3,2,2,4,4,3,3,4,3
696,2,3,5,6,6,6,6,7,6,6,2,2,1,1,2,1,2,1,2,1,1,1,1,1,7,3,4,2,2,1,1,2,2,2,2,2,1,2,2
697,7,5,7,5,5,4,7,5,5,7,2,2,2,2,2,1,1,2,2,2,1,1,5,5,4,6,3,7,7,7,4,3,5,5,5,7,5,6,7
698,3,2,3,6,6,3,6,6,6,2,2,2,1,1,2,1,1,1,1,1,1,1,2,1,2,4,3,1,3,3,3,2,2,2,4,2,2,2,5
699,3,3,5,6,5,5,4,4,4,5,2,2,1,1,2,1,1,1,1,1,1,1,2,2,3,3,2,2,2,2,2,2,2,2,4,2,2,2,3
700,7,7,6,6,7,7,6,6,6,6,2,2,2,2,3,1,1,1,2,1,1,1,1,2,1,2,1,1,2,3,1,1,2,1,1,1,1,1,6
701,2,6,5,7,6,3,6,3,4,4,2,3,3,3,2,2,2,2,2,2,2,2,4,3,3,4,1,2,3,3,2,3,3,2,4,4,4,4,4
702,6,6,5,6,6,6,6,4,6,5,3,3,2,2,2,2,1,1,1,1,1,2,2,2,4,4,2,2,2,4,3,2,2,2,2,2,2,2,6
703,7,7,6,7,7,6,7,7,4,6,1,2,1,1,3,2,1,2,1,2,1,2,3,5,6,3,2,2,3,3,1,3,3,2,2,2,2,3,3
704,7,5,4,5,6,6,6,5,6,4,2,1,1,2,2,2,1,1,2,1,1,1,2,1,2,4,1,3,2,5,4,3,2,3,3,2,3,5,6
705,6,6,4,5,5,2,5,4,5,5,2,1,1,1,2,1,1,1,1,1,1,1,2,2,6,4,4,4,3,4,5,2,4,5,2,4,4,3,5
706,7,7,7,7,7,7,7,5,3,5,2,2,1,2,3,1,1,2,1,1,1,1,3,5,2,6,5,2,3,3,3,2,2,3,1,2,2,2,3
707,7,7,4,7,7,7,7,6,7,6,2,2,1,2,2,3,1,2,2,2,1,1,6,7,4,6,2,6,6,6,5,4,6,4,4,7,4,6,7
708,7,7,6,6,6,5,6,5,4,4,2,2,2,4,4,2,2,4,3,2,3,3,2,2,2,2,2,2,2,1,2,2,2,2,2,2,2,2,2
709,5,5,3,6,5,3,6,6,6,5,1,1,1,1,2,1,1,1,1,1,1,1,1,1,2,3,5,1,2,2,2,2,2,2,1,2,2,2,3
710,5,5,3,3,5,5,6,4,3,5,3,3,1,2,3,3,1,1,1,1,1,1,2,2,5,7,6,3,5,7,3,3,5,3,3,3,2,2,6
711,7,7,5,7,7,7,7,6,7,4,2,2,1,2,5,2,1,2,1,1,1,1,1,1,7,4,3,1,1,1,1,1,1,1,4,1,4,1,4
712,4,5,3,5,5,3,3,4,6,3,1,1,1,2,1,1,1,1,1,1,1,1,2,2,3,3,2,2,2,2,2,2,2,2,2,2,2,2,2
713,6,5,6,5,6,5,5,5,4,5,2,2,1,1,2,1,1,1,2,1,1,1,2,2,4,4,5,4,2,5,2,2,2,2,2,3,3,2,6
714,5,5,5,6,5,6,3,5,5,4,2,2,1,2,2,2,2,2,1,1,1,1,1,3,5,4,1,2,2,2,2,2,2,2,2,2,2,2,3
715,6,4,4,6,6,6,6,5,4,5,2,2,1,1,1,1,1,1,2,1,1,1,4,5,6,6,5,4,6,6,2,3,5,6,6,4,3,4,5
716,5,5,3,6,7,6,6,5,5,6,1,2,1,3,3,1,1,1,1,1,1,1,2,5,7,5,5,2,3,3,3,2,2,3,6,3,3,2,5
717,5,6,3,5,6,5,6,4,4,4,3,2,2,1,2,2,2,1,1,1,2,1,2,2,3,3,2,2,3,2,2,2,2,2,3,2,3,2,3
718,2,5,1,4,3,2,5,3,5,4,1,1,1,1,2,1,1,1,1,1,1,1,2,2,5,3,2,1,2,2,2,2,2,2,2,2,2,2,3
719,3,2,5,2,3,6,6,4,4,5,1,1,1,1,1,1,1,1,1,1,1,1,2,2,6,3,2,6,2,2,2,2,2,2,3,2,2,3,2
720,7,7,5,7,7,7,7,6,6,6,2,2,1,1,3,2,1,1,1,1,1,1,2,4,6,6,2,2,5,4,3,3,4,2,4,3,2,3,6
721,2,2,2,3,3,1,3,5,3,4,2,1,1,1,2,1,1,1,1,1,1,1,2,5,6,2,2,2,3,3,3,2,3,3,4,3,2,2,3
722,5,5,1,4,3,2,4,4,4,2,2,2,1,1,2,1,1,1,1,1,1,1,1,1,1,4,1,1,2,2,2,1,1,1,2,1,1,1,4
723,6,5,5,5,5,2,5,5,6,6,2,2,2,2,2,2,1,2,1,1,1,2,2,2,3,2,1,1,2,2,2,2,2,2,2,2,3,2,2
724,7,7,6,7,7,7,7,4,6,2,2,1,1,1,2,1,1,1,1,1,1,1,1,1,2,2,2,1,1,1,1,1,1,1,1,1,1,1,1
725,7,6,6,7,7,6,6,6,5,5,3,2,1,2,2,1,2,2,2,2,2,2,2,2,5,4,2,2,2,5,2,2,2,2,3,2,2,3,5
726,3,1,1,2,2,1,2,3,4,2,2,2,2,2,2,1,1,1,1,1,2,1,2,1,2,2,1,5,2,2,2,3,2,2,2,2,3,2,2
727,6,6,3,2,3,1,3,1,4,2,2,2,1,1,2,1,2,2,1,1,2,1,1,1,1,1,1,1,1,2,2,1,1,1,1,1,1,1,2
728,7,6,7,6,7,3,6,7,7,6,3,2,2,1,4,4,1,2,4,1,1,1,3,5,5,5,2,5,6,3,2,4,5,2,3,6,6,6,7
729,3,5,4,7,7,3,5,3,5,5,2,4,4,4,4,3,3,3,3,2,2,3,2,6,3,6,4,4,3,3,3,4,4,4,3,5,5,4,4
730,4,6,3,4,5,3,3,5,2,3,2,2,2,1,2,1,1,1,2,1,1,1,4,4,7,6,5,5,3,5,3,3,3,3,5,3,3,3,6
731,2,3,3,4,4,2,5,3,4,2,2,2,1,2,2,1,2,2,1,1,1,1,4,5,5,3,7,5,3,3,3,4,5,4,2,6,3,5,4
732,7,3,5,7,7,3,6,5,6,3,2,1,1,1,2,1,1,1,1,1,1,1,2,2,5,3,2,2,1,2,2,2,2,2,1,2,2,2,3
733,6,2,3,4,5,5,5,5,5,4,1,1,1,1,2,1,1,1,1,1,1,1,1,1,2,1,1,1,1,1,1,1,1,1,1,1,2,2,4
734,7,3,5,5,3,3,5,4,4,4,2,2,1,2,2,1,2,2,2,2,1,2,5,3,3,2,2,2,3,3,3,3,4,3,4,3,3,4,3
735,5,3,3,3,3,4,5,5,3,3,2,2,2,2,2,1,1,1,1,1,1,1,4,5,3,4,5,5,4,4,3,4,4,3,4,4,4,3,4
736,6,6,5,6,6,6,6,6,6,6,2,2,1,2,2,2,1,2,1,1,1,2,2,3,4,4,3,4,3,4,3,3,3,3,3,3,3,3,4
737,3,2,5,5,6,3,4,5,3,5,2,2,2,2,2,3,1,2,1,1,2,2,5,5,5,3,5,4,3,3,2,2,2,2,4,5,3,5,4
738,6,5,4,6,6,4,5,4,5,4,1,1,1,1,2,1,1,1,1,1,1,1,2,4,4,3,3,2,3,3,2,2,3,2,2,2,2,2,3
739,2,2,2,4,4,1,4,4,4,4,2,2,2,2,2,4,1,1,2,1,1,1,3,4,3,5,4,4,4,4,4,3,4,4,4,3,3,4,4
740,2,2,2,4,3,3,5,4,4,4,2,2,2,1,2,1,1,1,2,1,1,1,1,1,2,5,1,1,2,2,3,2,1,2,2,2,2,1,3
741,3,5,2,3,5,3,5,5,5,4,1,1,1,1,2,1,1,1,1,1,1,1,2,2,3,3,2,2,2,2,2,2,2,2,2,2,2,2,2
742,7,7,2,7,7,6,7,7,6,7,3,4,2,2,3,3,2,2,2,2,2,2,5,5,3,6,2,6,6,6,3,5,5,4,6,6,5,3,6
743,1,1,1,5,5,1,4,3,2,2,2,1,1,1,2,1,1,1,1,1,1,1,2,2,7,2,3,2,2,2,2,2,2,3,4,2,4,2,2
744,7,5,5,7,7,6,7,7,6,7,4,4,2,2,2,3,1,2,2,2,1,2,4,5,2,5,2,5,4,5,3,3,4,2,3,3,3,6,5
745,6,6,6,6,5,5,5,5,5,6,2,3,2,1,2,1,1,2,1,1,1,2,3,5,7,6,7,6,5,5,4,2,5,2,2,5,2,3,7
746,6,2,5,7,7,7,7,7,7,7,2,2,1,1,2,1,1,1,1,1,1,1,2,2,7,5,7,5,3,4,4,2,3,3,5,3,3,4,6
747,5,7,5,5,6,5,5,5,4,4,1,1,1,2,2,1,1,1,1,1,1,1,2,7,5,4,5,7,3,5,3,3,3,3,4,3,3,2,2
748,6,6,4,6,7,3,6,6,6,3,2,4,2,1,3,3,1,2,2,2,1,1,5,5,5,5,4,6,5,6,2,4,6,2,4,5,3,4,3
749,5,5,4,5,6,6,6,4,6,4,2,2,1,2,2,1,1,1,1,1,1,2,3,5,6,4,5,5,5,5,4,2,3,3,3,3,3,3,5
750,6,5,4,6,6,4,4,3,6,5,2,1,1,1,1,1,1,1,1,1,1,1,3,5,6,2,2,2,2,2,3,2,2,3,2,2,2,2,4
751,3,5,5,5,7,5,6,5,5,5,3,4,2,2,2,1,1,2,2,1,1,3,5,5,2,3,2,3,3,3,2,5,3,3,3,4,5,3,5
752,6,6,5,6,6,7,6,5,7,6,4,4,4,4,4,4,1,1,3,1,1,1,6,6,5,6,4,7,6,6,4,4,5,4,5,6,4,5,7
753,6,6,4,6,7,4,6,5,5,4,2,2,1,1,2,1,1,1,1,1,1,1,2,2,4,5,2,2,2,2,3,2,2,2,3,2,2,2,3
754,6,6,4,6,6,4,6,6,6,4,2,2,2,2,2,1,1,1,2,1,1,1,3,3,5,5,5,4,3,3,2,3,3,2,4,3,3,2,4
755,5,5,5,4,6,2,6,7,5,5,1,1,2,2,1,1,1,2,2,1,2,1,2,2,4,2,2,2,2,2,1,2,2,2,3,2,2,2,3
756,6,7,6,5,6,7,6,4,4,2,2,1,1,1,1,1,1,1,1,1,1,1,4,5,6,3,3,2,4,3,4,3,4,4,3,3,4,4,4
757,6,6,4,5,6,3,5,6,6,6,3,3,2,2,3,1,1,1,1,1,1,1,3,5,5,5,6,6,6,6,3,3,5,2,3,3,3,2,5
758,6,6,5,4,5,4,5,4,4,4,2,2,2,2,2,1,2,1,2,2,2,1,3,4,5,3,3,5,3,4,2,2,2,3,5,3,3,3,4
759,7,7,6,4,7,4,6,5,5,5,3,3,1,1,3,3,1,1,1,1,2,1,3,5,3,4,2,2,4,5,2,2,5,2,4,2,2,2,6
760,2,3,4,5,5,2,4,5,5,4,2,2,1,1,2,1,1,1,1,1,1,1,1,1,1,1,1,1,1,1,2,1,1,1,4,1,2,1,2
761,6,5,4,4,4,6,5,4,4,4,4,3,1,2,2,2,1,1,1,1,1,1,3,4,3,2,1,1,3,3,3,3,3,3,3,3,2,3,3
762,1,2,2,1,2,1,1,2,6,2,3,2,2,1,2,2,1,2,3,2,1,2,4,5,5,3,5,5,4,5,2,4,5,2,2,4,2,2,5
763,7,7,6,6,7,6,6,6,5,3,2,2,2,2,2,2,1,2,3,2,1,1,5,7,2,6,2,5,5,2,2,2,2,2,6,6,5,4,4
764,5,4,2,2,5,4,5,5,3,4,3,3,2,2,2,3,1,1,2,2,1,1,3,5,1,3,1,5,3,4,2,2,2,2,5,2,3,2,4
765,7,6,5,5,5,4,5,6,4,3,2,2,1,2,2,1,1,1,2,1,1,1,2,4,5,5,3,2,3,3,2,2,2,2,2,2,2,2,4
766,7,7,7,7,7,7,7,7,7,7,5,5,2,5,5,5,1,4,5,4,3,5,7,7,7,7,1,7,7,7,1,2,4,7,7,7,6,7,7
767,2,3,2,5,2,2,2,4,4,2,2,2,1,1,2,1,1,1,1,1,1,1,3,3,6,6,3,2,3,5,2,2,2,2,2,2,2,2,5
768,6,6,5,6,6,3,6,5,3,5,1,2,1,2,2,1,1,1,1,1,1,1,1,2,7,2,4,1,2,2,3,2,2,2,2,2,2,2,2
769,5,1,2,4,6,6,6,5,6,4,1,2,1,1,1,1,1,1,1,1,1,1,2,2,6,4,6,5,3,3,3,1,2,4,2,2,2,3,3
770,5,5,4,4,4,2,3,4,4,4,1,1,1,1,2,1,1,1,3,1,1,2,2,2,5,4,3,5,3,4,4,5,3,3,4,4,4,3,4
771,7,6,7,3,6,5,6,4,6,4,2,2,1,2,2,3,1,2,2,2,1,2,2,3,6,3,3,6,3,3,3,3,3,4,3,3,2,3,2
772,2,2,6,4,3,3,4,2,3,2,2,2,1,1,1,1,1,1,1,1,1,1,4,5,4,5,2,3,5,5,3,4,5,2,2,2,4,4,6
773,2,2,2,4,6,2,4,3,3,3,2,2,1,2,1,1,2,2,2,1,1,1,1,1,2,5,1,1,2,2,2,3,3,1,2,2,2,1,5
774,7,3,1,4,5,2,5,4,6,3,1,2,1,1,2,2,1,1,1,1,1,1,1,3,6,3,5,5,3,2,2,2,2,2,4,2,2,2,3
775,6,7,5,6,6,6,6,4,4,4,3,3,1,2,2,4,1,1,2,1,1,1,5,6,3,4,2,5,3,3,3,3,1,3,3,3,3,2,5
776,6,5,3,5,5,5,5,3,5,3,2,2,1,2,2,2,1,1,1,1,1,1,3,3,6,5,5,5,5,5,5,5,4,3,5,5,3,3,5
777,2,3,4,4,3,3,3,5,3,4,2,2,2,1,2,1,1,1,1,1,1,1,3,2,5,4,4,4,4,4,4,4,4,4,4,4,4,4,4
778,7,1,6,6,6,7,6,6,6,4,2,2,2,3,4,2,3,3,1,1,2,3,2,6,7,5,2,5,4,6,2,2,2,2,6,5,2,2,5
779,5,3,1,3,5,2,2,5,5,2,1,1,1,1,1,1,1,1,1,1,1,1,1,1,1,2,1,1,1,1,2,2,1,1,5,1,2,1,3
780,6,3,5,6,6,5,6,6,7,4,2,1,1,1,3,1,1,1,1,1,1,1,2,3,2,3,3,1,3,4,3,2,2,3,4,3,3,2,5
781,6,5,2,2,5,5,5,2,3,3,2,2,1,2,2,2,1,1,2,1,1,1,1,1,5,2,2,2,1,2,2,1,2,2,2,2,2,2,3
782,6,6,6,5,7,6,6,6,6,4,1,2,1,1,2,1,1,1,1,1,1,1,3,7,7,4,6,5,4,3,5,3,3,3,5,3,3,4,6
783,7,2,4,6,6,2,5,6,6,7,2,2,2,2,2,2,1,2,1,2,1,1,2,5,5,4,3,2,2,3,2,2,2,3,2,2,4,2,4
784,5,5,4,5,5,3,5,4,6,4,3,3,2,2,2,2,2,2,2,1,2,2,4,4,5,4,5,4,4,4,5,4,4,5,4,4,4,4,4
785,5,4,2,6,5,4,5,6,6,2,2,1,1,2,2,2,1,1,1,1,1,1,2,2,3,3,1,2,2,2,2,2,2,2,2,2,2,2,4
786,4,5,4,4,6,4,5,4,6,3,2,2,1,2,2,2,1,1,1,1,1,1,2,5,2,4,1,2,3,3,2,2,3,2,2,2,3,1,3
787,7,5,2,6,7,5,7,7,4,5,2,2,1,2,1,2,2,2,2,1,1,1,2,4,2,5,1,5,2,5,1,2,2,2,4,3,2,2,5
788,4,4,4,4,3,3,5,4,4,4,2,2,2,2,2,2,1,1,2,1,2,2,2,2,4,3,4,4,2,2,2,2,2,2,4,2,3,2,2
789,3,6,3,5,5,1,5,2,4,4,1,2,1,2,2,1,1,1,1,1,1,1,1,1,1,1,1,1,1,1,1,1,1,1,1,1,1,1,1
790,7,6,7,7,7,6,7,7,6,7,4,4,3,4,3,4,3,3,3,2,4,4,6,6,4,4,6,6,6,6,6,5,4,6,3,6,5,6,6
791,5,5,3,3,5,3,5,6,2,5,2,2,2,2,2,2,1,2,2,1,1,2,4,5,3,3,3,5,5,3,3,4,5,3,3,5,4,3,5
792,5,3,5,5,5,3,5,2,6,3,2,2,1,1,2,1,1,1,1,1,1,1,4,3,4,5,3,3,3,5,4,3,4,4,2,3,3,4,4
793,7,1,7,7,7,7,7,6,3,5,4,4,5,4,4,4,1,1,5,1,1,1,7,7,7,6,7,7,6,5,1,5,7,3,7,7,5,4,5
794,5,3,4,6,7,4,7,6,6,5,3,3,1,2,4,4,1,1,1,1,1,1,3,6,4,7,3,5,6,7,3,3,5,2,2,2,4,2,6
795,5,2,5,7,6,6,7,7,5,4,2,2,1,1,1,1,1,1,2,1,1,1,1,1,3,5,2,2,1,1,1,1,1,1,4,1,1,1,3
796,7,7,6,7,7,7,7,7,7,2,2,2,1,1,3,1,1,1,2,1,1,1,2,2,2,3,2,2,3,2,3,3,3,2,2,2,2,2,5
797,6,6,6,7,7,7,7,6,6,5,2,2,3,2,2,3,2,2,3,2,1,2,2,3,5,4,5,5,2,4,4,3,4,3,4,4,3,3,4
798,4,1,4,3,5,1,3,5,5,3,2,2,1,1,1,1,1,1,1,1,1,1,1,1,1,1,1,1,1,1,1,1,1,1,1,1,1,1,1
799,1,1,1,5,5,1,3,4,4,4,1,1,1,1,1,1,1,1,1,1,1,1,1,1,2,2,2,1,1,1,1,1,1,1,2,1,1,1,1
800,6,6,5,5,6,5,5,3,6,4,1,1,1,1,2,1,1,1,1,1,1,1,1,1,5,4,2,1,1,4,2,1,3,3,2,2,2,2,5
801,1,1,2,5,2,1,1,5,5,3,1,2,1,1,1,1,1,1,1,1,1,1,1,1,6,2,2,1,2,2,2,2,2,1,1,1,2,2,3
802,5,3,4,5,3,1,5,5,5,2,2,2,2,2,2,2,2,2,1,1,2,1,3,2,1,5,2,1,3,2,2,3,4,2,2,3,4,2,5
803,2,2,3,3,3,4,4,2,4,4,1,2,1,1,1,1,1,1,1,1,1,1,3,2,6,3,4,4,3,4,3,4,3,3,5,3,4,3,3
804,7,4,7,6,7,2,7,6,3,6,2,2,1,1,2,1,1,1,1,1,1,1,2,5,4,4,5,5,4,2,2,2,2,2,4,2,2,2,3
805,6,7,5,6,7,7,7,7,6,6,2,3,2,2,3,2,1,2,2,1,1,1,2,2,5,3,2,4,3,3,2,2,3,3,2,2,3,2,3
806,2,2,2,2,2,1,3,2,3,1,2,1,1,1,1,1,1,1,2,1,1,1,1,1,5,3,2,1,1,2,2,2,1,1,2,1,2,1,2
807,2,1,1,2,1,1,1,4,4,1,1,1,1,2,2,1,1,1,1,1,1,1,1,3,3,4,1,1,2,1,2,2,3,1,1,2,1,1,5
808,3,5,2,3,4,3,4,2,3,1,1,1,1,1,1,1,1,1,1,1,1,1,2,2,4,4,3,3,3,3,4,2,3,3,2,3,3,3,3
809,5,4,4,5,5,3,4,4,4,2,2,2,1,1,2,1,1,1,2,1,1,1,2,2,5,4,3,2,4,5,4,3,4,3,4,3,3,3,5
810,7,6,3,6,7,4,7,6,6,3,1,1,1,1,1,1,1,2,1,1,1,1,2,2,6,5,5,3,4,3,3,2,2,1,3,2,3,1,2
811,5,3,3,5,6,3,5,5,3,5,2,2,1,1,1,2,1,1,2,1,1,1,2,4,1,1,1,3,2,1,1,2,2,1,2,2,2,1,4
812,7,2,2,4,6,2,6,4,7,3,2,2,1,2,1,1,1,1,1,1,2,2,2,2,1,2,1,1,2,1,1,3,1,1,1,1,2,1,3
813,6,6,5,6,6,6,6,6,6,6,4,3,1,2,2,2,2,1,2,1,2,2,1,5,5,4,1,1,2,3,2,2,2,2,1,1,2,2,3
814,4,3,5,5,4,1,4,4,4,5,3,1,1,1,2,1,1,1,1,1,1,1,2,6,7,5,5,6,4,7,3,2,4,2,4,5,2,4,7
815,4,5,4,5,5,3,3,4,6,3,2,1,1,1,2,1,1,1,1,1,1,1,1,1,2,4,2,1,2,4,2,2,2,2,3,1,2,2,3
816,5,4,4,6,6,2,6,5,4,5,4,4,4,4,4,4,2,2,4,4,2,2,4,4,1,4,1,4,4,2,2,3,3,2,2,4,3,4,3
817,7,7,5,6,6,6,6,5,5,4,2,2,2,2,2,2,1,2,1,2,1,1,2,2,2,3,1,2,2,2,2,2,2,2,5,2,3,3,3
818,1,1,1,6,5,1,5,4,2,5,1,1,1,1,2,1,1,1,1,1,1,1,1,2,7,5,3,6,2,5,4,1,3,3,3,3,4,3,5
819,7,5,5,5,6,6,5,6,6,5,2,2,1,2,2,2,1,1,1,1,1,1,2,1,1,6,3,2,2,3,2,2,1,1,2,2,2,1,3
820,2,2,2,2,2,2,2,6,2,2,2,1,1,1,1,2,1,1,1,1,1,1,1,2,4,3,3,6,2,2,2,2,2,2,2,2,2,2,2
821,6,6,4,5,6,3,6,4,6,5,2,2,2,1,2,1,1,1,2,1,1,1,2,3,4,4,4,4,2,2,2,2,2,2,4,3,3,3,3
822,6,6,3,6,7,6,6,6,4,5,4,4,1,3,4,1,1,2,4,2,2,2,4,6,5,3,2,3,6,4,2,2,6,3,4,5,4,3,6
823,5,4,1,2,2,1,2,1,1,1,1,1,1,1,1,1,1,1,1,1,1,1,1,2,5,3,1,1,3,3,2,2,3,2,1,2,2,1,7
824,3,5,4,4,5,4,5,4,4,4,2,3,2,2,2,1,2,1,1,1,2,1,3,3,6,4,3,3,3,3,2,3,3,3,4,4,4,3,4
825,6,6,5,6,6,6,6,5,6,5,3,4,2,3,4,3,2,3,2,3,2,3,3,5,5,5,3,5,5,5,5,4,5,5,5,4,3,3,5
826,5,5,5,7,7,5,6,7,7,2,2,1,1,1,2,3,1,1,2,1,1,1,2,2,2,4,2,2,2,2,5,3,2,2,6,2,4,2,4
827,3,2,3,5,4,3,4,6,6,6,2,2,1,2,2,2,1,1,1,2,1,1,4,6,7,6,6,7,6,6,4,5,4,4,4,6,4,4,4
828,7,7,7,7,7,7,7,7,7,3,2,2,2,2,2,3,1,2,1,1,1,1,3,2,1,5,5,2,5,3,4,5,3,3,2,2,3,2,4
829,7,7,7,7,7,7,7,7,7,7,2,1,1,1,2,1,1,1,1,1,1,1,1,1,3,6,3,2,3,7,2,2,4,3,3,2,2,4,7
830,4,3,4,5,5,5,5,5,6,5,2,1,1,1,1,1,1,1,1,1,1,1,4,4,5,5,6,5,5,4,5,4,5,4,4,4,3,4,4
831,4,6,5,5,5,4,5,3,5,5,2,2,1,2,2,2,1,1,1,1,1,1,1,5,6,5,4,2,3,5,3,1,2,3,3,2,2,2,5
832,5,5,2,7,5,4,4,6,6,5,2,2,1,1,2,2,1,1,2,1,1,1,1,1,2,3,1,1,2,2,1,2,2,2,1,2,2,2,4
833,1,1,1,2,1,1,1,6,4,5,1,1,2,2,1,1,1,1,1,1,2,1,1,1,2,4,1,1,1,1,1,1,1,2,2,2,2,1,4
834,2,2,2,4,6,3,6,4,3,2,1,1,1,1,1,1,1,1,1,1,1,1,2,1,5,2,1,1,1,3,3,2,2,2,2,2,2,2,5
835,6,3,5,6,6,2,5,6,3,5,1,1,1,2,2,1,1,1,2,1,1,1,2,2,2,3,2,2,2,3,2,2,2,2,2,2,2,2,3
836,6,5,5,5,5,6,6,5,4,4,2,1,1,1,2,1,1,1,1,1,1,1,1,1,5,3,2,1,1,3,2,1,1,1,2,1,1,1,3
837,5,7,6,7,7,7,7,4,5,4,2,1,1,1,2,1,1,1,1,1,1,2,3,5,5,3,4,2,2,2,2,2,3,2,3,3,3,2,2
838,7,7,1,7,7,4,5,5,5,4,3,3,2,2,3,3,1,1,2,2,2,1,2,2,3,4,2,2,3,3,2,3,3,2,5,3,3,2,3
839,5,5,5,6,5,3,5,5,3,6,2,3,2,1,2,1,1,1,1,1,1,1,3,2,4,4,2,4,3,3,2,3,2,3,3,3,3,4,5
840,5,6,2,6,6,2,5,4,4,4,3,2,1,1,1,1,1,1,1,1,1,1,2,1,5,3,2,1,2,3,2,1,1,1,2,2,3,3,3
841,3,2,2,5,3,3,3,5,5,5,1,1,1,1,1,1,1,1,1,1,1,1,1,1,4,3,1,1,1,1,1,1,1,1,1,1,1,1,2
842,5,6,5,5,6,5,6,6,5,4,3,3,3,3,4,2,1,2,2,1,1,2,3,3,6,6,3,5,5,5,6,3,5,5,6,5,5,3,6
843,5,5,2,5,6,6,6,6,6,6,2,2,2,2,3,2,2,2,2,2,2,2,3,2,2,3,2,5,3,3,3,3,3,3,2,3,3,3,3
844,3,3,3,4,4,3,4,4,5,4,3,3,2,1,2,2,1,2,2,2,1,1,7,7,2,4,4,7,7,6,3,3,7,6,2,7,6,5,6
845,3,4,6,6,6,7,5,6,4,6,4,4,1,1,2,2,1,1,2,4,2,1,3,5,5,3,5,5,5,5,3,5,5,3,2,3,3,2,6
846,3,2,4,6,5,2,4,5,5,5,2,2,1,1,2,1,1,1,1,1,1,1,2,2,4,4,2,2,2,3,2,2,2,2,2,2,2,2,3
847,5,5,2,3,6,2,5,5,4,5,1,1,1,1,2,2,1,1,1,1,2,1,2,2,2,3,2,1,2,3,2,2,2,2,2,2,2,2,4
848,5,3,5,7,5,3,5,6,7,7,2,1,1,1,3,3,1,2,2,1,1,1,2,3,4,4,3,2,2,2,6,3,3,3,4,3,5,4,4
849,5,6,3,7,6,5,7,5,5,5,2,2,1,1,2,2,1,1,1,1,1,1,2,5,2,1,1,4,2,2,2,3,1,1,2,2,2,1,2
850,1,6,4,5,6,6,7,5,5,5,2,2,2,2,2,2,2,2,2,1,2,1,3,3,4,3,3,3,3,5,3,3,3,3,4,3,3,2,4
851,6,6,6,5,6,6,6,6,6,5,2,1,1,1,1,1,1,1,1,1,1,1,3,5,6,3,5,5,3,5,4,2,3,2,3,3,2,3,4
852,7,7,6,6,6,7,7,7,6,6,3,3,3,3,3,2,2,2,2,1,2,1,2,3,6,2,6,3,2,2,2,2,4,3,4,5,2,2,3
853,6,2,6,4,4,2,2,6,6,6,1,2,1,2,2,2,1,2,2,2,2,1,2,2,6,2,2,5,2,2,2,2,2,2,2,2,2,2,2
854,6,7,6,5,4,3,5,5,5,3,1,2,1,1,3,1,1,1,1,1,1,1,2,2,2,3,1,2,2,2,2,2,2,1,3,2,2,2,2
855,2,3,4,7,5,3,5,7,5,5,4,4,1,1,2,1,1,1,1,1,1,1,2,7,6,3,6,4,5,6,3,1,2,5,6,3,3,1,7
856,6,7,4,5,7,6,6,6,6,2,2,3,1,2,2,1,1,1,1,2,1,1,5,5,4,6,5,4,4,5,6,2,4,5,6,4,2,5,5
857,1,1,2,4,4,1,1,4,4,4,3,4,1,1,1,1,1,1,1,1,1,1,4,7,2,4,2,5,7,6,2,4,6,4,4,5,4,4,6
858,2,6,3,6,5,2,6,5,4,6,1,1,1,1,1,1,1,1,1,1,1,1,1,1,1,2,1,1,1,5,2,1,1,1,5,1,1,1,6
859,2,3,4,3,3,2,2,3,4,3,2,2,1,1,1,1,1,1,1,1,1,1,1,2,4,2,2,1,1,2,3,1,1,2,3,2,2,1,3
860,3,2,5,5,6,6,3,6,5,5,2,2,2,2,3,1,1,1,2,1,1,1,2,5,3,4,3,5,3,5,3,2,3,2,4,2,2,2,6
861,4,3,2,3,4,5,4,4,4,4,1,1,1,1,1,1,1,1,1,1,1,1,2,2,4,2,2,2,2,2,2,2,2,2,2,2,2,4,4
862,6,7,4,6,6,5,7,1,6,6,2,2,1,1,2,1,1,1,2,1,1,1,2,3,6,5,2,5,4,5,4,5,3,4,4,4,2,4,2
863,2,2,2,2,2,2,4,4,4,2,2,2,2,1,2,3,2,1,1,1,2,2,2,5,7,3,3,4,2,2,2,2,3,3,3,3,4,3,3
864,5,3,4,4,5,5,5,5,6,5,3,4,4,4,4,3,4,3,1,2,4,1,2,2,5,4,1,3,3,4,2,2,4,2,4,3,3,4,6
865,6,6,5,6,6,5,5,6,6,6,3,3,1,2,2,2,1,2,2,1,1,2,3,6,7,4,4,6,5,4,4,3,3,3,3,4,4,5,4
866,7,7,5,6,7,6,6,7,6,7,2,1,1,2,4,5,1,2,5,2,1,1,3,5,7,6,3,2,3,3,4,2,2,3,4,2,3,5,3
867,7,7,7,6,6,1,6,4,3,5,3,1,1,1,3,2,1,1,1,1,1,1,2,2,7,4,2,2,2,2,2,2,2,2,6,2,2,2,6
868,5,7,5,7,5,6,6,2,2,6,2,2,1,1,2,1,1,1,2,2,1,1,2,2,2,4,2,3,2,2,2,2,3,1,4,2,3,1,3
869,6,5,4,7,7,6,7,7,5,6,3,2,1,3,3,1,1,1,2,1,2,2,2,1,2,6,2,3,3,6,3,2,2,2,4,2,5,2,7
870,5,2,2,6,6,2,4,6,6,6,1,1,1,1,1,1,1,1,1,1,1,1,2,2,4,6,4,4,5,4,3,3,4,2,2,4,3,4,6
871,6,6,3,5,5,5,4,5,6,5,1,1,1,1,1,1,1,1,1,1,1,1,2,3,6,2,2,1,2,2,2,1,2,2,1,2,1,1,1
872,2,2,2,5,3,2,3,6,5,5,2,2,1,1,2,1,1,1,1,1,1,1,1,1,2,3,2,1,2,2,2,1,1,2,1,1,1,2,2
873,2,2,3,2,3,3,3,3,3,2,1,1,1,1,1,1,1,1,1,1,1,1,1,2,1,2,1,1,1,5,2,2,1,1,1,1,1,1,5
874,6,5,5,7,7,4,7,6,6,5,2,2,2,1,3,2,1,1,1,1,1,1,2,2,4,3,2,2,2,2,2,2,2,2,2,2,2,1,2
875,5,6,2,5,3,6,6,6,3,4,1,2,2,1,1,2,1,1,1,1,1,1,3,2,4,4,2,2,2,2,6,2,2,2,2,2,2,1,4
876,7,7,6,6,6,6,6,6,6,5,2,1,1,1,3,1,1,1,1,1,1,2,2,3,5,2,2,2,2,2,2,2,2,2,2,6,2,2,2
877,2,7,1,4,4,2,3,4,3,2,2,1,1,1,2,1,1,1,1,1,1,1,2,4,7,4,1,3,3,3,2,2,3,2,1,3,3,1,4
878,5,6,3,3,5,5,3,6,3,5,2,1,1,1,2,2,1,1,1,1,1,1,2,2,2,6,2,2,2,2,3,2,2,1,2,2,2,1,3
879,1,4,5,4,7,4,7,7,4,7,3,3,1,1,2,2,1,1,3,2,2,1,3,5,1,7,2,4,4,2,3,2,3,3,4,3,3,3,5
880,6,2,5,2,3,2,2,6,1,2,2,2,1,1,1,1,1,1,2,1,1,1,1,2,6,4,5,3,2,6,2,2,2,3,5,3,4,2,6
881,6,6,4,4,5,6,4,4,6,4,2,2,1,1,2,1,2,1,2,1,1,1,2,2,1,3,1,2,2,3,2,2,3,3,1,3,2,2,5
882,6,6,2,6,5,1,5,4,5,1,1,1,1,1,1,1,1,1,1,1,1,1,1,2,5,2,1,2,2,1,1,1,1,1,4,1,1,1,1
883,5,7,2,5,3,1,3,4,4,4,1,1,1,1,1,1,1,1,1,1,1,1,1,2,6,4,2,1,2,4,2,2,3,2,2,2,2,2,4
884,2,2,3,4,4,5,4,4,4,4,2,2,2,2,2,2,1,1,1,1,1,1,3,4,5,3,5,5,3,4,3,4,3,3,4,4,4,4,4
885,3,2,6,6,6,1,6,4,4,5,4,1,1,1,1,1,1,1,1,1,1,1,4,6,2,4,1,4,4,3,3,2,4,1,4,4,4,2,4
886,2,2,2,2,2,2,2,2,3,2,2,1,1,1,2,1,1,1,1,1,1,1,1,1,1,2,1,1,1,2,1,1,1,1,1,1,1,1,2
887,3,5,3,3,5,3,5,3,4,3,1,1,1,1,1,1,1,1,1,1,1,1,1,1,5,3,2,1,2,2,2,2,2,2,2,2,2,2,2
888,5,5,5,5,5,5,5,6,5,5,2,2,1,2,2,1,1,1,2,1,1,1,1,2,4,3,4,3,2,2,2,2,2,2,3,2,2,2,2
889,2,6,5,5,5,4,5,4,4,4,2,2,1,1,3,1,1,1,1,1,1,1,2,2,4,3,2,2,3,3,3,3,3,3,3,3,3,2,4
890,5,6,2,4,5,4,5,4,4,4,3,1,1,1,3,1,1,1,3,1,1,2,3,2,3,4,2,3,2,4,3,2,2,3,2,2,2,4,4
891,7,6,3,5,5,5,5,5,4,4,2,2,2,1,2,1,1,1,2,1,1,1,2,2,6,2,2,3,3,3,2,2,2,3,5,3,3,3,3
892,2,2,2,3,3,2,3,3,4,2,2,1,1,1,2,1,1,1,1,1,1,1,2,2,1,5,1,1,2,5,2,2,2,2,2,2,2,2,6
893,3,2,2,3,4,3,3,5,6,4,1,1,1,1,1,1,1,1,1,1,1,1,2,2,4,3,3,1,2,3,3,2,1,3,2,2,2,4,3
894,7,7,3,5,7,6,7,4,6,3,2,2,1,1,3,1,1,1,2,1,1,1,2,2,6,2,2,5,2,2,5,2,2,2,3,2,2,2,3
895,5,5,6,6,7,1,5,7,6,7,1,2,1,1,3,1,1,1,3,1,1,1,1,1,5,3,3,1,1,1,2,1,1,2,5,1,1,1,3
896,1,1,6,4,3,6,4,6,2,5,2,1,1,1,1,1,1,1,1,1,1,1,1,1,1,2,1,1,1,1,1,2,1,1,1,1,1,1,2
897,7,7,5,7,7,4,6,6,5,5,1,2,2,2,2,1,1,1,2,1,1,1,1,1,1,5,1,1,1,5,2,2,2,2,3,2,2,4,6
898,2,2,5,4,7,6,6,4,5,5,2,2,2,2,2,2,1,1,2,1,1,1,2,2,6,2,2,2,2,3,3,2,2,1,2,2,3,2,2
899,5,2,1,2,3,1,3,3,4,2,1,2,1,1,2,1,1,1,1,1,1,1,2,1,1,1,1,1,1,1,1,1,1,1,1,1,2,1,2
900,7,6,4,6,6,4,6,4,7,4,2,2,1,1,2,1,1,1,1,1,1,1,2,2,2,3,2,2,2,2,2,2,2,2,2,2,2,3,3
901,6,7,6,5,7,4,5,6,3,5,3,3,1,1,2,1,1,1,3,1,1,1,2,2,6,4,5,2,2,4,3,2,2,3,4,2,2,2,4
902,2,2,2,4,2,2,2,4,3,4,2,1,2,2,1,1,2,2,1,1,2,1,1,1,2,2,2,2,2,3,3,2,2,2,1,2,2,2,3
903,6,6,5,5,6,5,6,6,6,5,1,1,1,1,1,1,2,1,1,1,1,1,2,1,5,2,2,2,2,2,2,2,2,2,3,2,2,2,2
904,4,3,5,5,5,5,5,5,4,4,2,2,1,1,2,2,1,1,1,1,1,1,2,2,4,3,2,2,2,2,2,2,2,2,2,2,2,2,3
905,5,5,3,3,4,4,5,4,6,5,2,2,2,2,2,1,1,1,2,1,1,1,2,3,4,4,3,2,3,3,3,2,2,2,3,6,3,2,4
906,5,5,5,5,2,4,5,4,3,5,2,1,1,1,2,2,1,1,1,1,1,1,2,2,5,4,3,2,3,3,4,3,3,4,2,2,3,3,4
907,5,4,5,5,5,5,5,7,7,5,3,3,3,3,3,4,2,2,1,1,2,1,3,3,2,5,2,2,4,5,3,4,4,3,3,4,4,4,4
908,4,5,5,5,5,5,5,5,6,5,1,1,1,1,1,1,1,1,1,1,1,1,2,2,4,5,2,2,2,2,2,2,2,2,1,3,2,1,3
909,1,1,1,4,4,1,1,3,3,1,1,1,1,1,1,1,1,1,1,1,1,1,1,1,1,1,1,1,1,1,1,1,1,1,1,1,1,4,3
910,5,5,5,5,5,2,5,4,4,4,1,1,1,1,1,1,1,1,1,1,1,1,2,1,4,3,1,1,3,3,2,2,3,2,5,2,2,2,3
911,6,6,6,6,6,6,6,5,4,5,2,1,1,1,2,1,1,1,1,1,1,1,1,1,6,2,1,1,2,2,2,2,2,2,2,2,2,2,2
912,6,5,5,5,6,3,6,4,5,5,3,3,1,2,2,1,1,1,1,1,1,1,3,3,6,3,3,3,3,3,3,3,2,2,3,2,2,2,3
913,2,2,4,4,4,2,4,4,4,4,1,1,1,1,1,1,1,1,1,1,1,1,1,2,7,2,2,1,1,4,4,1,1,1,2,1,1,4,6
914,5,3,3,5,5,6,4,5,5,4,2,2,1,1,2,1,1,1,1,1,1,1,2,2,4,3,1,1,2,3,2,2,2,2,2,2,2,2,3
915,5,3,5,6,6,6,6,2,6,6,3,2,1,2,3,1,1,1,2,2,1,1,3,5,6,4,6,5,3,6,2,3,3,2,3,3,3,3,6
916,6,6,5,5,5,5,5,5,5,5,1,1,1,1,1,1,1,1,1,1,1,1,1,1,1,2,1,1,1,1,1,1,1,1,2,1,1,1,1
917,7,7,1,3,2,2,2,2,4,4,1,1,1,1,1,1,1,1,1,1,1,1,1,1,2,4,5,2,3,5,2,1,1,2,1,2,2,2,3
918,3,3,4,4,4,4,4,5,4,4,3,3,1,2,3,1,1,1,1,1,1,1,2,3,6,3,5,4,3,4,3,3,4,4,2,3,3,3,4
919,5,6,5,5,7,5,7,5,6,5,2,2,1,1,2,1,1,1,1,1,1,1,2,2,2,4,2,2,2,3,2,2,3,2,2,2,2,2,4
920,7,7,7,6,6,7,6,6,6,6,3,2,1,1,4,5,1,1,4,1,1,1,6,7,6,4,5,6,6,6,2,3,6,2,3,6,3,3,6
921,3,1,5,5,5,1,3,6,2,3,1,1,1,1,1,1,1,1,1,1,1,1,1,1,7,4,4,1,1,3,2,1,1,1,1,1,1,1,3
922,6,6,6,6,6,6,6,6,6,7,5,5,1,1,4,1,1,1,1,1,1,1,3,6,6,3,2,6,5,4,2,1,2,2,7,4,2,4,3
923,5,5,5,5,5,4,5,6,5,5,2,2,1,1,2,1,1,2,2,1,1,1,2,2,2,3,2,2,2,3,4,3,3,2,4,2,3,3,3
924,1,2,1,1,2,1,2,1,3,1,1,1,1,1,1,1,1,1,1,1,1,1,1,1,5,2,1,1,1,2,2,2,2,1,1,1,1,2,2
925,4,5,4,3,5,5,3,4,5,4,2,1,1,1,2,1,1,1,1,1,1,2,2,5,5,2,5,2,3,2,3,2,3,1,4,3,2,2,4
926,5,6,4,3,3,5,5,6,4,4,2,2,1,1,3,2,1,1,1,1,1,1,2,5,7,5,5,6,5,6,4,4,6,5,4,5,4,4,7
927,6,3,5,5,5,3,5,5,4,4,2,3,1,2,2,1,2,1,1,1,2,1,2,4,6,6,2,2,2,6,3,2,3,3,2,2,2,2,6
928,6,5,5,5,4,5,4,4,6,5,2,2,1,1,2,1,1,1,2,1,1,1,2,5,5,4,3,3,3,4,3,3,4,4,4,4,4,4,4
929,5,5,2,2,3,2,3,2,5,2,1,1,1,1,2,2,1,1,1,1,1,1,1,1,5,4,2,3,2,2,3,2,2,2,2,2,2,2,3
930,5,5,4,4,5,6,5,3,5,4,2,2,1,1,2,1,1,1,1,1,1,1,2,2,5,3,2,1,2,3,3,2,3,3,2,2,2,2,3
931,1,1,6,6,6,5,6,6,6,6,1,1,1,1,1,1,1,1,1,1,1,1,2,2,6,3,5,2,2,2,2,2,2,2,2,2,2,2,2
932,2,3,2,2,5,3,5,2,4,3,2,1,1,1,2,1,1,1,2,1,1,1,2,2,7,2,3,1,2,2,3,3,2,3,3,1,2,1,2
933,6,5,2,5,6,3,4,6,5,5,3,3,3,3,2,2,2,2,2,2,2,2,5,5,4,4,3,5,5,5,3,3,3,2,5,5,3,3,3
934,7,6,1,5,3,5,4,5,7,4,3,3,2,2,4,2,2,2,2,2,2,2,4,4,3,6,5,6,4,2,2,3,2,2,5,4,3,2,3
935,7,6,4,3,5,6,5,4,3,2,1,2,1,1,1,1,1,1,1,2,1,1,1,1,2,2,2,2,1,3,2,1,1,2,2,1,1,1,2
936,5,5,2,5,4,3,4,3,4,4,1,1,1,1,1,1,1,1,1,1,1,1,2,2,4,5,3,4,2,3,2,2,2,2,2,3,3,2,5
937,6,7,3,6,7,5,5,4,5,5,2,2,1,1,2,1,2,1,1,1,1,1,3,5,7,5,3,5,3,5,2,2,3,2,4,3,2,2,5
938,6,6,2,4,5,2,4,5,4,3,2,2,1,1,2,1,1,1,1,1,1,1,1,1,7,2,2,1,2,2,1,1,1,1,5,2,2,2,3
939,3,6,5,2,6,6,7,5,5,3,2,2,1,1,2,1,1,1,1,1,1,1,2,2,5,1,6,2,2,2,2,2,2,2,2,2,2,2,3
940,3,2,3,5,6,6,6,5,6,4,1,1,1,1,1,2,1,1,2,1,1,1,2,3,6,4,3,1,2,3,3,2,2,2,2,2,2,2,3
941,5,3,2,3,5,2,3,5,5,5,1,1,1,1,2,1,1,1,1,1,1,1,5,5,2,7,1,5,7,7,2,4,7,2,5,6,2,7,7
942,6,6,5,4,5,6,6,4,5,4,2,1,1,1,2,2,1,1,1,1,1,1,1,1,5,3,3,2,2,2,2,2,3,2,4,2,2,2,3
943,4,6,5,4,4,5,5,4,4,3,2,2,1,1,2,1,1,1,2,1,1,1,2,3,4,3,3,2,2,2,2,2,2,2,4,2,2,2,2
944,1,7,6,6,7,6,6,5,5,5,2,2,2,2,3,2,1,2,2,1,1,1,2,5,3,3,7,5,3,4,3,3,3,3,6,3,3,4,4
945,4,2,1,4,4,4,6,5,5,3,1,1,1,1,2,1,1,1,1,1,1,1,1,1,1,1,1,1,1,1,2,2,1,1,2,1,2,4,4
946,2,2,2,6,6,3,6,4,4,6,1,1,1,1,1,1,1,1,1,1,1,1,1,1,2,4,2,2,2,2,2,2,2,2,4,2,2,2,2
947,6,5,3,7,7,5,6,5,5,5,2,2,1,1,2,1,1,1,2,1,1,1,2,1,3,4,1,2,2,4,7,5,3,3,5,3,4,4,6
948,6,6,6,7,7,6,7,5,3,4,2,2,1,1,3,3,1,1,3,2,1,1,5,5,5,5,4,4,5,6,4,3,4,6,6,5,5,5,5
949,5,3,1,4,5,3,5,5,5,3,2,2,1,1,2,1,1,1,1,1,1,1,2,2,5,3,2,1,2,2,3,1,2,2,2,1,2,1,4
950,4,5,4,6,5,2,4,5,5,3,2,2,2,2,2,1,1,1,2,2,2,2,2,2,2,2,2,2,2,2,2,2,2,2,2,2,2,2,2
951,4,4,2,3,3,3,3,4,3,3,2,1,1,2,2,1,1,1,1,1,1,1,1,1,2,4,2,2,2,2,2,2,2,2,1,2,1,1,2
952,6,6,4,6,6,5,5,5,4,5,2,1,1,1,1,2,1,1,2,1,2,1,4,3,6,5,5,4,4,4,2,4,4,4,3,3,3,4,5
953,6,6,4,5,5,5,5,5,5,5,2,2,1,1,3,1,1,1,1,1,1,1,3,5,3,5,3,3,5,5,3,3,3,3,2,3,3,4,6
954,6,7,6,6,7,6,5,6,7,6,2,3,2,2,3,5,2,2,2,1,2,2,3,6,5,7,3,5,6,6,4,3,5,2,3,5,2,2,7
955,1,6,3,6,7,2,7,6,5,6,2,2,1,1,1,4,1,1,1,1,1,1,5,7,6,5,5,7,7,1,2,2,7,2,2,2,2,2,2
956,7,7,5,3,5,6,6,5,5,5,2,2,2,2,3,1,1,2,2,1,2,2,3,5,5,5,6,5,3,3,3,3,3,3,3,3,3,3,5
957,2,1,1,4,3,1,2,4,4,4,1,1,1,1,2,1,1,1,1,1,1,1,1,1,5,3,3,1,2,3,2,1,1,1,1,1,1,2,3
958,7,7,6,6,7,5,7,6,6,5,3,2,2,2,3,5,1,2,2,2,1,1,2,3,7,4,5,5,3,3,4,4,2,3,7,3,3,3,3
959,3,3,2,3,4,4,3,5,3,3,2,2,1,1,2,1,1,1,1,1,1,1,2,4,4,4,2,2,2,2,3,2,2,2,2,2,2,2,2
960,2,2,2,2,3,3,2,4,5,4,2,1,1,1,2,1,1,1,1,1,1,1,1,2,5,2,3,1,1,1,2,2,1,1,2,1,1,1,3
961,7,7,1,7,7,7,7,1,3,6,1,1,1,1,1,1,1,1,1,1,1,1,1,1,1,3,1,1,1,1,1,1,1,1,1,1,1,1,1
962,6,5,5,5,6,5,6,4,4,4,3,3,3,3,3,3,3,2,2,1,2,2,5,5,6,5,5,6,5,6,3,5,6,6,4,5,4,3,6
963,6,6,3,2,6,6,6,2,6,2,1,1,1,1,2,1,1,1,1,1,1,1,3,5,6,4,5,5,4,4,3,3,4,3,4,4,3,4,4
964,7,7,7,7,7,7,7,6,6,5,4,4,4,4,4,1,1,2,3,1,2,1,4,6,4,4,4,6,6,4,3,3,4,2,2,4,3,3,6
965,7,2,6,7,7,1,7,7,7,7,2,2,1,2,2,2,1,1,2,1,1,2,1,1,2,1,5,1,2,2,2,2,2,2,2,2,2,2,4